fecha_consulta,partido,liga,hora_partido,cuota_1,casa_1,cuota_X,casa_X,cuota_2,casa_2,cuota_over25,casa_over25,cuota_under25,casa_under25
2026-05-22T09:10:16,San Antonio Spurs vs Oklahoma City Thunder,NBA,19:40,,,,,,,,,,
2026-05-22T09:10:16,Cleveland Cavaliers vs New York Knicks,NBA,19:10,,,,,,,,,,
2026-05-22T09:10:16,Chicago Cubs vs Houston Astros,MLB,13:21,,,,,,,,,,
2026-05-22T09:10:16,Cincinnati Reds vs St. Louis Cardinals,MLB,17:41,,,,,,,,,,
2026-05-22T09:10:16,Philadelphia Phillies vs Cleveland Guardians,MLB,17:41,,,,,,,,,,
2026-05-22T09:10:16,New York Yankees vs Tampa Bay Rays,MLB,18:06,,,,,,,,,,
2026-05-22T09:10:16,Toronto Blue Jays vs Pittsburgh Pirates,MLB,18:08,,,,,,,,,,
2026-05-22T09:10:16,Boston Red Sox vs Minnesota Twins,MLB,18:11,,,,,,,,,,
2026-05-22T09:10:16,Miami Marlins vs New York Mets,MLB,18:11,,,,,,,,,,
2026-05-22T09:10:16,Atlanta Braves vs Washington Nationals,MLB,18:15,,,,,,,,,,
2026-05-22T09:10:16,Baltimore Orioles vs Detroit Tigers,MLB,18:16,,,,,,,,,,
2026-05-22T09:10:16,Kansas City Royals vs Seattle Mariners,MLB,18:41,,,,,,,,,,
2026-05-22T09:10:16,Milwaukee Brewers vs Los Angeles Dodgers,MLB,18:41,,,,,,,,,,
2026-05-22T09:10:16,Los Angeles Angels vs Texas Rangers,MLB,20:39,,,,,,,,,,
2026-05-22T09:10:16,Arizona Diamondbacks vs Colorado Rockies,MLB,20:41,,,,,,,,,,
2026-05-22T09:10:16,San Diego Padres vs Athletics,MLB,20:41,,,,,,,,,,
2026-05-22T09:10:16,San Francisco Giants vs Chicago White Sox,MLB,21:16,,,,,,,,,,
2026-05-22T09:10:16,Colorado Avalanche vs Vegas Golden Knights,NHL,19:00,,,,,,,,,,
2026-05-22T09:10:16,Carolina Hurricanes vs Montréal Canadiens,NHL,18:00,,,,,,,,,,
2026-05-22T09:10:16,Seattle Seahawks vs New England Patriots,NFL,19:15,,,,,,,,,,
2026-05-22T09:10:16,Los Angeles Rams vs San Francisco 49ers,NFL,19:35,,,,,,,,,,
2026-05-22T09:10:16,Pittsburgh Steelers vs Atlanta Falcons,NFL,12:00,,,,,,,,,,
2026-05-22T09:10:16,Indianapolis Colts vs Baltimore Ravens,NFL,12:00,,,,,,,,,,
2026-05-22T09:10:16,Houston Texans vs Buffalo Bills,NFL,12:00,,,,,,,,,,
2026-05-22T09:10:16,Carolina Panthers vs Chicago Bears,NFL,12:00,,,,,,,,,,
2026-05-22T09:10:16,Cincinnati Bengals vs Tampa Bay Buccaneers,NFL,12:00,,,,,,,,,,
2026-05-22T09:10:16,Jacksonville Jaguars vs Cleveland Browns,NFL,12:00,,,,,,,,,,
2026-05-22T09:10:16,Detroit Lions vs New Orleans Saints,NFL,12:00,,,,,,,,,,
2026-05-22T09:10:16,Tennessee Titans vs New York Jets,NFL,12:00,,,,,,,,,,
2026-05-22T09:10:16,Los Angeles Chargers vs Arizona Cardinals,NFL,15:25,,,,,,,,,,
2026-05-22T09:10:16,Minnesota Vikings vs Green Bay Packers,NFL,15:25,,,,,,,,,,
2026-05-22T09:10:16,Las Vegas Raiders vs Miami Dolphins,NFL,15:25,,,,,,,,,,
2026-05-22T09:10:16,Philadelphia Eagles vs Washington Commanders,NFL,15:25,,,,,,,,,,
2026-05-22T09:10:16,New York Giants vs Dallas Cowboys,NFL,19:20,,,,,,,,,,
2026-05-22T09:10:16,Kansas City Chiefs vs Denver Broncos,NFL,19:15,,,,,,,,,,
2026-05-22T09:10:16,Orlando Storm vs DC Defenders,UFL,19:00,,,,,,,,,,
2026-05-22T09:12:47,San Antonio Spurs vs Oklahoma City Thunder,NBA,19:40,,,,,,,,,,
2026-05-22T09:12:47,Cleveland Cavaliers vs New York Knicks,NBA,19:10,,,,,,,,,,
2026-05-22T09:12:47,Chicago Cubs vs Houston Astros,MLB,13:21,,,,,,,,,,
2026-05-22T09:12:47,Cincinnati Reds vs St. Louis Cardinals,MLB,17:41,,,,,,,,,,
2026-05-22T09:12:47,Philadelphia Phillies vs Cleveland Guardians,MLB,17:41,,,,,,,,,,
2026-05-22T09:12:47,New York Yankees vs Tampa Bay Rays,MLB,18:06,,,,,,,,,,
2026-05-22T09:12:47,Toronto Blue Jays vs Pittsburgh Pirates,MLB,18:08,,,,,,,,,,
2026-05-22T09:12:47,Boston Red Sox vs Minnesota Twins,MLB,18:11,,,,,,,,,,
2026-05-22T09:12:47,Miami Marlins vs New York Mets,MLB,18:11,,,,,,,,,,
2026-05-22T09:12:47,Atlanta Braves vs Washington Nationals,MLB,18:15,,,,,,,,,,
2026-05-22T09:12:47,Baltimore Orioles vs Detroit Tigers,MLB,18:16,,,,,,,,,,
2026-05-22T09:12:47,Kansas City Royals vs Seattle Mariners,MLB,18:41,,,,,,,,,,
2026-05-22T09:12:47,Milwaukee Brewers vs Los Angeles Dodgers,MLB,18:41,,,,,,,,,,
2026-05-22T09:12:47,Los Angeles Angels vs Texas Rangers,MLB,20:39,,,,,,,,,,
2026-05-22T09:12:47,Arizona Diamondbacks vs Colorado Rockies,MLB,20:41,,,,,,,,,,
2026-05-22T09:12:47,San Diego Padres vs Athletics,MLB,20:41,,,,,,,,,,
2026-05-22T09:12:47,San Francisco Giants vs Chicago White Sox,MLB,21:16,,,,,,,,,,
2026-05-22T09:12:47,Colorado Avalanche vs Vegas Golden Knights,NHL,19:00,,,,,,,,,,
2026-05-22T09:12:47,Carolina Hurricanes vs Montréal Canadiens,NHL,18:00,,,,,,,,,,
2026-05-22T09:12:47,Seattle Seahawks vs New England Patriots,NFL,19:15,,,,,,,,,,
2026-05-22T09:12:47,Los Angeles Rams vs San Francisco 49ers,NFL,19:35,,,,,,,,,,
2026-05-22T09:12:47,Pittsburgh Steelers vs Atlanta Falcons,NFL,12:00,,,,,,,,,,
2026-05-22T09:12:47,Indianapolis Colts vs Baltimore Ravens,NFL,12:00,,,,,,,,,,
2026-05-22T09:12:47,Houston Texans vs Buffalo Bills,NFL,12:00,,,,,,,,,,
2026-05-22T09:12:47,Carolina Panthers vs Chicago Bears,NFL,12:00,,,,,,,,,,
2026-05-22T09:12:47,Cincinnati Bengals vs Tampa Bay Buccaneers,NFL,12:00,,,,,,,,,,
2026-05-22T09:12:47,Jacksonville Jaguars vs Cleveland Browns,NFL,12:00,,,,,,,,,,
2026-05-22T09:12:47,Detroit Lions vs New Orleans Saints,NFL,12:00,,,,,,,,,,
2026-05-22T09:12:47,Tennessee Titans vs New York Jets,NFL,12:00,,,,,,,,,,
2026-05-22T09:12:47,Los Angeles Chargers vs Arizona Cardinals,NFL,15:25,,,,,,,,,,
2026-05-22T09:12:47,Minnesota Vikings vs Green Bay Packers,NFL,15:25,,,,,,,,,,
2026-05-22T09:12:47,Las Vegas Raiders vs Miami Dolphins,NFL,15:25,,,,,,,,,,
2026-05-22T09:12:47,Philadelphia Eagles vs Washington Commanders,NFL,15:25,,,,,,,,,,
2026-05-22T09:12:47,New York Giants vs Dallas Cowboys,NFL,19:20,,,,,,,,,,
2026-05-22T09:12:47,Kansas City Chiefs vs Denver Broncos,NFL,19:15,,,,,,,,,,
2026-05-22T09:12:47,Orlando Storm vs DC Defenders,UFL,19:00,,,,,,,,,,
2026-05-22T09:14:49,San Antonio Spurs vs Oklahoma City Thunder,NBA,19:40,,,,,,,,,,
2026-05-22T09:14:49,Cleveland Cavaliers vs New York Knicks,NBA,19:10,,,,,,,,,,
2026-05-22T09:14:49,Chicago Cubs vs Houston Astros,MLB,13:21,,,,,,,,,,
2026-05-22T09:14:49,Cincinnati Reds vs St. Louis Cardinals,MLB,17:41,,,,,,,,,,
2026-05-22T09:14:49,Philadelphia Phillies vs Cleveland Guardians,MLB,17:41,,,,,,,,,,
2026-05-22T09:14:49,New York Yankees vs Tampa Bay Rays,MLB,18:06,,,,,,,,,,
2026-05-22T09:14:49,Toronto Blue Jays vs Pittsburgh Pirates,MLB,18:08,,,,,,,,,,
2026-05-22T09:14:49,Boston Red Sox vs Minnesota Twins,MLB,18:11,,,,,,,,,,
2026-05-22T09:14:49,Miami Marlins vs New York Mets,MLB,18:11,,,,,,,,,,
2026-05-22T09:14:49,Atlanta Braves vs Washington Nationals,MLB,18:15,,,,,,,,,,
2026-05-22T09:14:49,Baltimore Orioles vs Detroit Tigers,MLB,18:16,,,,,,,,,,
2026-05-22T09:14:49,Kansas City Royals vs Seattle Mariners,MLB,18:41,,,,,,,,,,
2026-05-22T09:14:49,Milwaukee Brewers vs Los Angeles Dodgers,MLB,18:41,,,,,,,,,,
2026-05-22T09:14:49,Los Angeles Angels vs Texas Rangers,MLB,20:39,,,,,,,,,,
2026-05-22T09:14:49,Arizona Diamondbacks vs Colorado Rockies,MLB,20:41,,,,,,,,,,
2026-05-22T09:14:49,San Diego Padres vs Athletics,MLB,20:41,,,,,,,,,,
2026-05-22T09:14:49,San Francisco Giants vs Chicago White Sox,MLB,21:16,,,,,,,,,,
2026-05-22T09:14:49,Colorado Avalanche vs Vegas Golden Knights,NHL,19:00,,,,,,,,,,
2026-05-22T09:14:49,Carolina Hurricanes vs Montréal Canadiens,NHL,18:00,,,,,,,,,,
2026-05-22T09:14:49,Seattle Seahawks vs New England Patriots,NFL,19:15,,,,,,,,,,
2026-05-22T09:14:49,Los Angeles Rams vs San Francisco 49ers,NFL,19:35,,,,,,,,,,
2026-05-22T09:14:49,Pittsburgh Steelers vs Atlanta Falcons,NFL,12:00,,,,,,,,,,
2026-05-22T09:14:49,Indianapolis Colts vs Baltimore Ravens,NFL,12:00,,,,,,,,,,
2026-05-22T09:14:49,Houston Texans vs Buffalo Bills,NFL,12:00,,,,,,,,,,
2026-05-22T09:14:49,Carolina Panthers vs Chicago Bears,NFL,12:00,,,,,,,,,,
2026-05-22T09:14:49,Cincinnati Bengals vs Tampa Bay Buccaneers,NFL,12:00,,,,,,,,,,
2026-05-22T09:14:49,Jacksonville Jaguars vs Cleveland Browns,NFL,12:00,,,,,,,,,,
2026-05-22T09:14:49,Detroit Lions vs New Orleans Saints,NFL,12:00,,,,,,,,,,
2026-05-22T09:14:49,Tennessee Titans vs New York Jets,NFL,12:00,,,,,,,,,,
2026-05-22T09:14:49,Los Angeles Chargers vs Arizona Cardinals,NFL,15:25,,,,,,,,,,
2026-05-22T09:14:49,Minnesota Vikings vs Green Bay Packers,NFL,15:25,,,,,,,,,,
2026-05-22T09:14:49,Las Vegas Raiders vs Miami Dolphins,NFL,15:25,,,,,,,,,,
2026-05-22T09:14:49,Philadelphia Eagles vs Washington Commanders,NFL,15:25,,,,,,,,,,
2026-05-22T09:14:49,New York Giants vs Dallas Cowboys,NFL,19:20,,,,,,,,,,
2026-05-22T09:14:49,Kansas City Chiefs vs Denver Broncos,NFL,19:15,,,,,,,,,,
2026-05-22T09:14:49,Orlando Storm vs DC Defenders,UFL,19:00,,,,,,,,,,
2026-05-22T09:16:44,San Antonio Spurs vs Oklahoma City Thunder,NBA,19:40,,,,,,,,,,
2026-05-22T09:16:44,Cleveland Cavaliers vs New York Knicks,NBA,19:10,,,,,,,,,,
2026-05-22T09:16:44,Chicago Cubs vs Houston Astros,MLB,13:21,,,,,,,,,,
2026-05-22T09:16:44,Cincinnati Reds vs St. Louis Cardinals,MLB,17:41,,,,,,,,,,
2026-05-22T09:16:44,Philadelphia Phillies vs Cleveland Guardians,MLB,17:41,,,,,,,,,,
2026-05-22T09:16:44,New York Yankees vs Tampa Bay Rays,MLB,18:06,,,,,,,,,,
2026-05-22T09:16:44,Toronto Blue Jays vs Pittsburgh Pirates,MLB,18:08,,,,,,,,,,
2026-05-22T09:16:44,Boston Red Sox vs Minnesota Twins,MLB,18:11,,,,,,,,,,
2026-05-22T09:16:44,Miami Marlins vs New York Mets,MLB,18:11,,,,,,,,,,
2026-05-22T09:16:44,Atlanta Braves vs Washington Nationals,MLB,18:15,,,,,,,,,,
2026-05-22T09:16:44,Baltimore Orioles vs Detroit Tigers,MLB,18:16,,,,,,,,,,
2026-05-22T09:16:44,Kansas City Royals vs Seattle Mariners,MLB,18:41,,,,,,,,,,
2026-05-22T09:16:44,Milwaukee Brewers vs Los Angeles Dodgers,MLB,18:41,,,,,,,,,,
2026-05-22T09:16:44,Los Angeles Angels vs Texas Rangers,MLB,20:39,,,,,,,,,,
2026-05-22T09:16:44,Arizona Diamondbacks vs Colorado Rockies,MLB,20:41,,,,,,,,,,
2026-05-22T09:16:44,San Diego Padres vs Athletics,MLB,20:41,,,,,,,,,,
2026-05-22T09:16:44,San Francisco Giants vs Chicago White Sox,MLB,21:16,,,,,,,,,,
2026-05-22T09:16:44,Colorado Avalanche vs Vegas Golden Knights,NHL,19:00,,,,,,,,,,
2026-05-22T09:16:44,Carolina Hurricanes vs Montréal Canadiens,NHL,18:00,,,,,,,,,,
2026-05-22T09:16:44,Seattle Seahawks vs New England Patriots,NFL,19:15,,,,,,,,,,
2026-05-22T09:16:44,Los Angeles Rams vs San Francisco 49ers,NFL,19:35,,,,,,,,,,
2026-05-22T09:16:44,Pittsburgh Steelers vs Atlanta Falcons,NFL,12:00,,,,,,,,,,
2026-05-22T09:16:44,Indianapolis Colts vs Baltimore Ravens,NFL,12:00,,,,,,,,,,
2026-05-22T09:16:44,Houston Texans vs Buffalo Bills,NFL,12:00,,,,,,,,,,
2026-05-22T09:16:44,Carolina Panthers vs Chicago Bears,NFL,12:00,,,,,,,,,,
2026-05-22T09:16:44,Cincinnati Bengals vs Tampa Bay Buccaneers,NFL,12:00,,,,,,,,,,
2026-05-22T09:16:44,Jacksonville Jaguars vs Cleveland Browns,NFL,12:00,,,,,,,,,,
2026-05-22T09:16:44,Detroit Lions vs New Orleans Saints,NFL,12:00,,,,,,,,,,
2026-05-22T09:16:44,Tennessee Titans vs New York Jets,NFL,12:00,,,,,,,,,,
2026-05-22T09:16:44,Los Angeles Chargers vs Arizona Cardinals,NFL,15:25,,,,,,,,,,
2026-05-22T09:16:44,Minnesota Vikings vs Green Bay Packers,NFL,15:25,,,,,,,,,,
2026-05-22T09:16:44,Las Vegas Raiders vs Miami Dolphins,NFL,15:25,,,,,,,,,,
2026-05-22T09:16:44,Philadelphia Eagles vs Washington Commanders,NFL,15:25,,,,,,,,,,
2026-05-22T09:16:44,New York Giants vs Dallas Cowboys,NFL,19:20,,,,,,,,,,
2026-05-22T09:16:44,Kansas City Chiefs vs Denver Broncos,NFL,19:15,,,,,,,,,,
2026-05-22T09:16:44,Orlando Storm vs DC Defenders,UFL,19:00,,,,,,,,,,
2026-05-22T09:32:11,San Antonio Spurs vs Oklahoma City Thunder,NBA,19:40,,,,,,,,,,
2026-05-22T09:32:11,Cleveland Cavaliers vs New York Knicks,NBA,19:10,,,,,,,,,,
2026-05-22T09:32:11,Chicago Cubs vs Houston Astros,MLB,13:21,,,,,,,,,,
2026-05-22T09:32:11,Cincinnati Reds vs St. Louis Cardinals,MLB,17:41,,,,,,,,,,
2026-05-22T09:32:11,Philadelphia Phillies vs Cleveland Guardians,MLB,17:41,,,,,,,,,,
2026-05-22T09:32:11,New York Yankees vs Tampa Bay Rays,MLB,18:06,,,,,,,,,,
2026-05-22T09:32:11,Toronto Blue Jays vs Pittsburgh Pirates,MLB,18:08,,,,,,,,,,
2026-05-22T09:32:11,Boston Red Sox vs Minnesota Twins,MLB,18:11,,,,,,,,,,
2026-05-22T09:32:11,Miami Marlins vs New York Mets,MLB,18:11,,,,,,,,,,
2026-05-22T09:32:11,Atlanta Braves vs Washington Nationals,MLB,18:15,,,,,,,,,,
2026-05-22T09:32:11,Baltimore Orioles vs Detroit Tigers,MLB,18:16,,,,,,,,,,
2026-05-22T09:32:11,Kansas City Royals vs Seattle Mariners,MLB,18:41,,,,,,,,,,
2026-05-22T09:32:11,Milwaukee Brewers vs Los Angeles Dodgers,MLB,18:41,,,,,,,,,,
2026-05-22T09:32:11,Los Angeles Angels vs Texas Rangers,MLB,20:39,,,,,,,,,,
2026-05-22T09:32:11,Arizona Diamondbacks vs Colorado Rockies,MLB,20:41,,,,,,,,,,
2026-05-22T09:32:11,San Diego Padres vs Athletics,MLB,20:41,,,,,,,,,,
2026-05-22T09:32:11,San Francisco Giants vs Chicago White Sox,MLB,21:16,,,,,,,,,,
2026-05-22T09:32:11,Colorado Avalanche vs Vegas Golden Knights,NHL,19:00,,,,,,,,,,
2026-05-22T09:32:11,Carolina Hurricanes vs Montréal Canadiens,NHL,18:00,,,,,,,,,,
2026-05-22T09:32:11,Seattle Seahawks vs New England Patriots,NFL,19:15,,,,,,,,,,
2026-05-22T09:32:11,Los Angeles Rams vs San Francisco 49ers,NFL,19:35,,,,,,,,,,
2026-05-22T09:32:11,Pittsburgh Steelers vs Atlanta Falcons,NFL,12:00,,,,,,,,,,
2026-05-22T09:32:11,Indianapolis Colts vs Baltimore Ravens,NFL,12:00,,,,,,,,,,
2026-05-22T09:32:11,Houston Texans vs Buffalo Bills,NFL,12:00,,,,,,,,,,
2026-05-22T09:32:11,Carolina Panthers vs Chicago Bears,NFL,12:00,,,,,,,,,,
2026-05-22T09:32:11,Cincinnati Bengals vs Tampa Bay Buccaneers,NFL,12:00,,,,,,,,,,
2026-05-22T09:32:11,Jacksonville Jaguars vs Cleveland Browns,NFL,12:00,,,,,,,,,,
2026-05-22T09:32:11,Detroit Lions vs New Orleans Saints,NFL,12:00,,,,,,,,,,
2026-05-22T09:32:11,Tennessee Titans vs New York Jets,NFL,12:00,,,,,,,,,,
2026-05-22T09:32:11,Los Angeles Chargers vs Arizona Cardinals,NFL,15:25,,,,,,,,,,
2026-05-22T09:32:11,Minnesota Vikings vs Green Bay Packers,NFL,15:25,,,,,,,,,,
2026-05-22T09:32:11,Las Vegas Raiders vs Miami Dolphins,NFL,15:25,,,,,,,,,,
2026-05-22T09:32:11,Philadelphia Eagles vs Washington Commanders,NFL,15:25,,,,,,,,,,
2026-05-22T09:32:11,New York Giants vs Dallas Cowboys,NFL,19:20,,,,,,,,,,
2026-05-22T09:32:11,Kansas City Chiefs vs Denver Broncos,NFL,19:15,,,,,,,,,,
2026-05-22T09:32:11,Orlando Storm vs DC Defenders,UFL,19:00,,,,,,,,,,
2026-05-22T09:41:01,San Antonio Spurs vs Oklahoma City Thunder,NBA,19:40,,,,,,,,,,
2026-05-22T09:41:01,Cleveland Cavaliers vs New York Knicks,NBA,19:10,,,,,,,,,,
2026-05-22T09:41:01,Chicago Cubs vs Houston Astros,MLB,13:21,,,,,,,,,,
2026-05-22T09:41:01,Cincinnati Reds vs St. Louis Cardinals,MLB,17:41,,,,,,,,,,
2026-05-22T09:41:01,Philadelphia Phillies vs Cleveland Guardians,MLB,17:41,,,,,,,,,,
2026-05-22T09:41:01,New York Yankees vs Tampa Bay Rays,MLB,18:06,,,,,,,,,,
2026-05-22T09:41:01,Toronto Blue Jays vs Pittsburgh Pirates,MLB,18:08,,,,,,,,,,
2026-05-22T09:41:01,Boston Red Sox vs Minnesota Twins,MLB,18:11,,,,,,,,,,
2026-05-22T09:41:01,Miami Marlins vs New York Mets,MLB,18:11,,,,,,,,,,
2026-05-22T09:41:01,Atlanta Braves vs Washington Nationals,MLB,18:15,,,,,,,,,,
2026-05-22T09:41:01,Baltimore Orioles vs Detroit Tigers,MLB,18:16,,,,,,,,,,
2026-05-22T09:41:01,Kansas City Royals vs Seattle Mariners,MLB,18:41,,,,,,,,,,
2026-05-22T09:41:01,Milwaukee Brewers vs Los Angeles Dodgers,MLB,18:41,,,,,,,,,,
2026-05-22T09:41:01,Los Angeles Angels vs Texas Rangers,MLB,20:39,,,,,,,,,,
2026-05-22T09:41:01,Arizona Diamondbacks vs Colorado Rockies,MLB,20:41,,,,,,,,,,
2026-05-22T09:41:01,San Diego Padres vs Athletics,MLB,20:41,,,,,,,,,,
2026-05-22T09:41:01,San Francisco Giants vs Chicago White Sox,MLB,21:16,,,,,,,,,,
2026-05-22T09:41:01,Colorado Avalanche vs Vegas Golden Knights,NHL,19:00,,,,,,,,,,
2026-05-22T09:41:01,Carolina Hurricanes vs Montréal Canadiens,NHL,18:00,,,,,,,,,,
2026-05-22T09:41:01,Orlando Storm vs DC Defenders,UFL,19:00,,,,,,,,,,
2026-05-22T22:09:38,San Antonio Spurs vs Oklahoma City Thunder,NBA,19:37,,,,,,,,,,
2026-05-22T22:09:38,Cleveland Cavaliers vs New York Knicks,NBA,19:10,,,,,,,,,,
2026-05-22T22:09:38,Los Angeles Angels vs Texas Rangers,MLB,20:39,,,,,,,,,,
2026-05-22T22:09:38,Arizona Diamondbacks vs Colorado Rockies,MLB,20:41,,,,,,,,,,
2026-05-22T22:09:38,San Diego Padres vs Athletics,MLB,20:41,,,,,,,,,,
2026-05-22T22:09:38,San Francisco Giants vs Chicago White Sox,MLB,21:16,,,,,,,,,,
2026-05-22T22:09:38,Toronto Blue Jays vs Pittsburgh Pirates,MLB,14:08,,,,,,,,,,
2026-05-22T22:09:38,Baltimore Orioles vs Detroit Tigers,MLB,15:06,,,,,,,,,,
2026-05-22T22:09:38,San Francisco Giants vs Chicago White Sox,MLB,15:06,,,,,,,,,,
2026-05-22T22:09:38,Philadelphia Phillies vs Cleveland Guardians,MLB,15:06,,,,,,,,,,
2026-05-22T22:09:38,Atlanta Braves vs Washington Nationals,MLB,15:11,,,,,,,,,,
2026-05-22T22:09:38,Kansas City Royals vs Seattle Mariners,MLB,15:11,,,,,,,,,,
2026-05-22T22:09:38,Milwaukee Brewers vs Los Angeles Dodgers,MLB,18:16,,,,,,,,,,
2026-05-22T22:09:38,San Diego Padres vs Athletics,MLB,20:41,,,,,,,,,,
2026-05-22T22:09:38,Los Angeles Angels vs Texas Rangers,MLB,21:06,,,,,,,,,,
2026-05-22T22:09:38,Arizona Diamondbacks vs Colorado Rockies,MLB,21:11,,,,,,,,,,
2026-05-22T22:09:38,Carolina Hurricanes vs Montréal Canadiens,NHL,18:00,,,,,,,,,,
2026-05-22T22:09:38,Seattle Seahawks vs New England Patriots,NFL,19:15,,,,,,,,,,
2026-05-22T22:09:38,Los Angeles Rams vs San Francisco 49ers,NFL,19:35,,,,,,,,,,
2026-05-22T22:09:38,Pittsburgh Steelers vs Atlanta Falcons,NFL,12:00,,,,,,,,,,
2026-05-22T22:09:38,Indianapolis Colts vs Baltimore Ravens,NFL,12:00,,,,,,,,,,
2026-05-22T22:09:38,Houston Texans vs Buffalo Bills,NFL,12:00,,,,,,,,,,
2026-05-22T22:09:38,Carolina Panthers vs Chicago Bears,NFL,12:00,,,,,,,,,,
2026-05-22T22:09:38,Cincinnati Bengals vs Tampa Bay Buccaneers,NFL,12:00,,,,,,,,,,
2026-05-22T22:09:38,Jacksonville Jaguars vs Cleveland Browns,NFL,12:00,,,,,,,,,,
2026-05-22T22:09:38,Detroit Lions vs New Orleans Saints,NFL,12:00,,,,,,,,,,
2026-05-22T22:09:38,Tennessee Titans vs New York Jets,NFL,12:00,,,,,,,,,,
2026-05-22T22:09:38,Los Angeles Chargers vs Arizona Cardinals,NFL,15:25,,,,,,,,,,
2026-05-22T22:09:38,Minnesota Vikings vs Green Bay Packers,NFL,15:25,,,,,,,,,,
2026-05-22T22:09:38,Las Vegas Raiders vs Miami Dolphins,NFL,15:25,,,,,,,,,,
2026-05-22T22:09:38,Philadelphia Eagles vs Washington Commanders,NFL,15:25,,,,,,,,,,
2026-05-22T22:09:38,New York Giants vs Dallas Cowboys,NFL,19:20,,,,,,,,,,
2026-05-22T22:09:38,Kansas City Chiefs vs Denver Broncos,NFL,19:15,,,,,,,,,,
2026-05-22T22:21:59,Cleveland Cavaliers vs New York Knicks,NBA,19:10,,,,,,,,,,
2026-05-22T22:21:59,Toronto Blue Jays vs Pittsburgh Pirates,MLB,14:08,,,,,,,,,,
2026-05-22T22:21:59,Baltimore Orioles vs Detroit Tigers,MLB,15:06,,,,,,,,,,
2026-05-22T22:21:59,San Francisco Giants vs Chicago White Sox,MLB,15:06,,,,,,,,,,
2026-05-22T22:21:59,Philadelphia Phillies vs Cleveland Guardians,MLB,15:06,,,,,,,,,,
2026-05-22T22:21:59,Atlanta Braves vs Washington Nationals,MLB,15:11,,,,,,,,,,
2026-05-22T22:21:59,Kansas City Royals vs Seattle Mariners,MLB,15:11,,,,,,,,,,
2026-05-22T22:21:59,Milwaukee Brewers vs Los Angeles Dodgers,MLB,18:16,,,,,,,,,,
2026-05-22T22:21:59,San Diego Padres vs Athletics,MLB,20:41,,,,,,,,,,
2026-05-22T22:21:59,Los Angeles Angels vs Texas Rangers,MLB,21:06,,,,,,,,,,
2026-05-22T22:21:59,Arizona Diamondbacks vs Colorado Rockies,MLB,21:11,,,,,,,,,,
2026-05-22T22:21:59,Carolina Hurricanes vs Montréal Canadiens,NHL,18:00,,,,,,,,,,
2026-05-22T22:21:59,Seattle Seahawks vs New England Patriots,NFL,19:15,,,,,,,,,,
2026-05-22T22:21:59,Los Angeles Rams vs San Francisco 49ers,NFL,19:35,,,,,,,,,,
2026-05-22T22:21:59,Pittsburgh Steelers vs Atlanta Falcons,NFL,12:00,,,,,,,,,,
2026-05-22T22:21:59,Indianapolis Colts vs Baltimore Ravens,NFL,12:00,,,,,,,,,,
2026-05-22T22:21:59,Houston Texans vs Buffalo Bills,NFL,12:00,,,,,,,,,,
2026-05-22T22:21:59,Carolina Panthers vs Chicago Bears,NFL,12:00,,,,,,,,,,
2026-05-22T22:21:59,Cincinnati Bengals vs Tampa Bay Buccaneers,NFL,12:00,,,,,,,,,,
2026-05-22T22:21:59,Jacksonville Jaguars vs Cleveland Browns,NFL,12:00,,,,,,,,,,
2026-05-22T22:21:59,Detroit Lions vs New Orleans Saints,NFL,12:00,,,,,,,,,,
2026-05-22T22:21:59,Tennessee Titans vs New York Jets,NFL,12:00,,,,,,,,,,
2026-05-22T22:21:59,Los Angeles Chargers vs Arizona Cardinals,NFL,15:25,,,,,,,,,,
2026-05-22T22:21:59,Minnesota Vikings vs Green Bay Packers,NFL,15:25,,,,,,,,,,
2026-05-22T22:21:59,Las Vegas Raiders vs Miami Dolphins,NFL,15:25,,,,,,,,,,
2026-05-22T22:21:59,Philadelphia Eagles vs Washington Commanders,NFL,15:25,,,,,,,,,,
2026-05-22T22:21:59,New York Giants vs Dallas Cowboys,NFL,19:20,,,,,,,,,,
2026-05-22T22:21:59,Kansas City Chiefs vs Denver Broncos,NFL,19:15,,,,,,,,,,
2026-05-22T22:34:56,Cleveland Cavaliers vs New York Knicks,NBA,00:10,,,,,,,,,,
2026-05-22T22:34:56,Toronto Blue Jays vs Pittsburgh Pirates,MLB,19:08,,,,,,,,,,
2026-05-22T22:34:56,Baltimore Orioles vs Detroit Tigers,MLB,20:06,,,,,,,,,,
2026-05-22T22:34:56,San Francisco Giants vs Chicago White Sox,MLB,20:06,,,,,,,,,,
2026-05-22T22:34:56,Philadelphia Phillies vs Cleveland Guardians,MLB,20:06,,,,,,,,,,
2026-05-22T22:34:56,Atlanta Braves vs Washington Nationals,MLB,20:11,,,,,,,,,,
2026-05-22T22:34:56,Kansas City Royals vs Seattle Mariners,MLB,20:11,,,,,,,,,,
2026-05-22T22:34:56,Milwaukee Brewers vs Los Angeles Dodgers,MLB,23:16,,,,,,,,,,
2026-05-22T22:34:56,San Diego Padres vs Athletics,MLB,01:41,,,,,,,,,,
2026-05-22T22:34:56,Los Angeles Angels vs Texas Rangers,MLB,02:06,,,,,,,,,,
2026-05-22T22:34:56,Arizona Diamondbacks vs Colorado Rockies,MLB,02:11,,,,,,,,,,
2026-05-22T22:34:56,Carolina Hurricanes vs Montréal Canadiens,NHL,23:00,,,,,,,,,,
2026-05-22T22:34:56,Seattle Seahawks vs New England Patriots,NFL,00:15,,,,,,,,,,
2026-05-22T22:34:56,Los Angeles Rams vs San Francisco 49ers,NFL,00:35,,,,,,,,,,
2026-05-22T22:34:56,Pittsburgh Steelers vs Atlanta Falcons,NFL,17:00,,,,,,,,,,
2026-05-22T22:34:56,Indianapolis Colts vs Baltimore Ravens,NFL,17:00,,,,,,,,,,
2026-05-22T22:34:56,Houston Texans vs Buffalo Bills,NFL,17:00,,,,,,,,,,
2026-05-22T22:34:56,Carolina Panthers vs Chicago Bears,NFL,17:00,,,,,,,,,,
2026-05-22T22:34:56,Cincinnati Bengals vs Tampa Bay Buccaneers,NFL,17:00,,,,,,,,,,
2026-05-22T22:34:56,Jacksonville Jaguars vs Cleveland Browns,NFL,17:00,,,,,,,,,,
2026-05-22T22:34:56,Detroit Lions vs New Orleans Saints,NFL,17:00,,,,,,,,,,
2026-05-22T22:34:56,Tennessee Titans vs New York Jets,NFL,17:00,,,,,,,,,,
2026-05-22T22:34:56,Los Angeles Chargers vs Arizona Cardinals,NFL,20:25,,,,,,,,,,
2026-05-22T22:34:56,Minnesota Vikings vs Green Bay Packers,NFL,20:25,,,,,,,,,,
2026-05-22T22:34:56,Las Vegas Raiders vs Miami Dolphins,NFL,20:25,,,,,,,,,,
2026-05-22T22:34:56,Philadelphia Eagles vs Washington Commanders,NFL,20:25,,,,,,,,,,
2026-05-22T22:34:56,New York Giants vs Dallas Cowboys,NFL,00:20,,,,,,,,,,
2026-05-22T22:34:56,Kansas City Chiefs vs Denver Broncos,NFL,00:15,,,,,,,,,,
2026-05-22T22:48:30,Cleveland Cavaliers vs New York Knicks,NBA,00:10,,,,,,,,,,
2026-05-22T22:48:30,San Antonio Spurs vs Oklahoma City Thunder,NBA,00:00,,,,,,,,,,
2026-05-22T22:48:30,Toronto Blue Jays vs Pittsburgh Pirates,MLB,19:08,,,,,,,,,,
2026-05-22T22:48:30,Baltimore Orioles vs Detroit Tigers,MLB,20:06,,,,,,,,,,
2026-05-22T22:48:30,San Francisco Giants vs Chicago White Sox,MLB,20:06,,,,,,,,,,
2026-05-22T22:48:30,Philadelphia Phillies vs Cleveland Guardians,MLB,20:06,,,,,,,,,,
2026-05-22T22:48:30,Atlanta Braves vs Washington Nationals,MLB,20:11,,,,,,,,,,
2026-05-22T22:48:30,Kansas City Royals vs Seattle Mariners,MLB,20:11,,,,,,,,,,
2026-05-22T22:48:30,Milwaukee Brewers vs Los Angeles Dodgers,MLB,23:16,,,,,,,,,,
2026-05-22T22:48:30,San Diego Padres vs Athletics,MLB,01:41,,,,,,,,,,
2026-05-22T22:48:30,Los Angeles Angels vs Texas Rangers,MLB,02:06,,,,,,,,,,
2026-05-22T22:48:30,Arizona Diamondbacks vs Colorado Rockies,MLB,02:11,,,,,,,,,,
2026-05-22T22:48:30,Carolina Hurricanes vs Montréal Canadiens,NHL,23:00,,,,,,,,,,
2026-05-22T22:48:30,Seattle Seahawks vs New England Patriots,NFL,00:15,,,,,,,,,,
2026-05-22T22:48:30,Los Angeles Rams vs San Francisco 49ers,NFL,00:35,,,,,,,,,,
2026-05-22T22:48:30,Pittsburgh Steelers vs Atlanta Falcons,NFL,17:00,,,,,,,,,,
2026-05-22T22:48:30,Indianapolis Colts vs Baltimore Ravens,NFL,17:00,,,,,,,,,,
2026-05-22T22:48:30,Houston Texans vs Buffalo Bills,NFL,17:00,,,,,,,,,,
2026-05-22T22:48:30,Carolina Panthers vs Chicago Bears,NFL,17:00,,,,,,,,,,
2026-05-22T22:48:30,Cincinnati Bengals vs Tampa Bay Buccaneers,NFL,17:00,,,,,,,,,,
2026-05-22T22:48:30,Jacksonville Jaguars vs Cleveland Browns,NFL,17:00,,,,,,,,,,
2026-05-22T22:48:30,Detroit Lions vs New Orleans Saints,NFL,17:00,,,,,,,,,,
2026-05-22T22:48:30,Tennessee Titans vs New York Jets,NFL,17:00,,,,,,,,,,
2026-05-22T22:48:30,Los Angeles Chargers vs Arizona Cardinals,NFL,20:25,,,,,,,,,,
2026-05-22T22:48:30,Minnesota Vikings vs Green Bay Packers,NFL,20:25,,,,,,,,,,
2026-05-22T22:48:30,Las Vegas Raiders vs Miami Dolphins,NFL,20:25,,,,,,,,,,
2026-05-22T22:48:30,Philadelphia Eagles vs Washington Commanders,NFL,20:25,,,,,,,,,,
2026-05-22T22:48:30,New York Giants vs Dallas Cowboys,NFL,00:20,,,,,,,,,,
2026-05-22T22:48:30,Kansas City Chiefs vs Denver Broncos,NFL,00:15,,,,,,,,,,
2026-05-22T22:58:18,Cleveland Cavaliers vs New York Knicks,NBA,00:10,,,,,,,,,,
2026-05-22T22:58:18,San Antonio Spurs vs Oklahoma City Thunder,NBA,00:00,,,,,,,,,,
2026-05-22T22:58:18,Toronto Blue Jays vs Pittsburgh Pirates,MLB,19:08,,,,,,,,,,
2026-05-22T22:58:18,Baltimore Orioles vs Detroit Tigers,MLB,20:06,,,,,,,,,,
2026-05-22T22:58:18,San Francisco Giants vs Chicago White Sox,MLB,20:06,,,,,,,,,,
2026-05-22T22:58:18,Philadelphia Phillies vs Cleveland Guardians,MLB,20:06,,,,,,,,,,
2026-05-22T22:58:18,Atlanta Braves vs Washington Nationals,MLB,20:11,,,,,,,,,,
2026-05-22T22:58:18,Kansas City Royals vs Seattle Mariners,MLB,20:11,,,,,,,,,,
2026-05-22T22:58:18,Milwaukee Brewers vs Los Angeles Dodgers,MLB,23:16,,,,,,,,,,
2026-05-22T22:58:18,San Diego Padres vs Athletics,MLB,01:41,,,,,,,,,,
2026-05-22T22:58:18,Los Angeles Angels vs Texas Rangers,MLB,02:06,,,,,,,,,,
2026-05-22T22:58:18,Arizona Diamondbacks vs Colorado Rockies,MLB,02:11,,,,,,,,,,
2026-05-22T22:58:18,Carolina Hurricanes vs Montréal Canadiens,NHL,23:00,,,,,,,,,,
2026-05-22T22:58:18,Vegas Golden Knights vs Colorado Avalanche,NHL,00:00,,,,,,,,,,
2026-05-23T09:51:04,Crystal Palace vs Arsenal,Premier League,15:00,4.28,Pinnacle,4.05,Pinnacle,1.8,Pinnacle,,,,
2026-05-23T09:51:04,Manchester City vs Aston Villa,Premier League,15:00,1.28,Pinnacle,6.46,Pinnacle,9.15,Pinnacle,,,,
2026-05-23T09:51:04,Nottingham Forest vs Bournemouth,Premier League,15:00,3.43,Pinnacle,3.89,Pinnacle,2.06,Pinnacle,,,,
2026-05-23T09:51:04,Liverpool vs Brentford,Premier League,15:00,1.83,Pinnacle,4.34,Pinnacle,3.9,Unibet,,,,
2026-05-23T09:51:04,Brighton and Hove Albion vs Manchester United,Premier League,15:00,1.83,William Hill,4.31,Pinnacle,3.89,Pinnacle,,,,
2026-05-23T09:51:04,Burnley vs Wolverhampton Wanderers,Premier League,15:00,2.38,William Hill,3.73,Pinnacle,2.94,Pinnacle,,,,
2026-05-23T09:51:04,Sunderland vs Chelsea,Premier League,15:00,3.53,Pinnacle,3.84,Pinnacle,2.04,Pinnacle,,,,
2026-05-23T09:51:04,Tottenham Hotspur vs Everton,Premier League,15:00,1.91,Pinnacle,3.55,Unibet,4.34,Pinnacle,,,,
2026-05-23T09:51:04,Fulham vs Newcastle United,Premier League,15:00,2.89,Pinnacle,3.78,Pinnacle,2.36,Pinnacle,,,,
2026-05-23T09:51:04,West Ham United vs Leeds United,Premier League,15:00,1.78,Pinnacle,4.25,Pinnacle,4.2,Pinnacle,,,,
2026-05-23T09:51:04,Alavés vs Rayo Vallecano,La Liga,19:00,2.49,Pinnacle,3.41,Pinnacle,3.01,Pinnacle,2.06,Pinnacle,1.85,Pinnacle
2026-05-23T09:51:04,Real Madrid vs Athletic Bilbao,La Liga,19:00,1.53,Pinnacle,4.8,Pinnacle,5.72,Pinnacle,,,,
2026-05-23T09:51:04,Valencia vs Barcelona,La Liga,19:00,3.39,Pinnacle,4.1,Pinnacle,2.04,Pinnacle,,,,
2026-05-23T09:51:04,Getafe vs CA Osasuna,La Liga,19:00,2.83,Pinnacle,2.78,Pinnacle,3.18,Pinnacle,,,,
2026-05-23T09:51:04,Celta Vigo vs Sevilla,La Liga,19:00,2.01,Pinnacle,3.48,Pinnacle,4.09,Pinnacle,2.06,Pinnacle,1.85,Pinnacle
2026-05-23T09:51:04,Girona vs Elche CF,La Liga,19:00,1.83,Pinnacle,3.94,Pinnacle,4.34,Pinnacle,,,,
2026-05-23T09:51:04,Espanyol vs Real Sociedad,La Liga,19:00,2.24,Pinnacle,3.68,Pinnacle,3.22,Pinnacle,,,,
2026-05-23T09:51:04,Real Betis vs Levante,La Liga,19:00,2.42,Pinnacle,3.6,William Hill,3.01,Pinnacle,,,,
2026-05-23T09:51:04,Mallorca vs Oviedo,La Liga,19:00,1.49,Pinnacle,4.52,Pinnacle,7.03,Pinnacle,1.93,Pinnacle,1.98,Pinnacle
2026-05-23T09:51:04,Villarreal vs Atlético Madrid,La Liga,19:00,2.48,Pinnacle,3.73,Pinnacle,2.77,Pinnacle,,,,
2026-05-23T09:51:04,SC Paderborn vs VfL Wolfsburg,Bundesliga,18:30,3.41,Pinnacle,3.66,Pinnacle,2.06,Pinnacle,1.85,Pinnacle,1.98,Pinnacle
2026-05-23T09:51:04,Bologna vs Inter Milan,Serie A,16:00,3.33,Pinnacle,3.63,Pinnacle,2.21,Pinnacle,,,,
2026-05-23T09:51:04,Lazio vs Pisa,Serie A,18:45,1.75,Pinnacle,3.87,Pinnacle,4.89,Pinnacle,1.99,Pinnacle,1.92,Pinnacle
2026-05-23T09:51:04,Parma vs Sassuolo,Serie A,13:00,2.74,Pinnacle,3.41,Pinnacle,2.67,Pinnacle,1.92,Pinnacle,1.97,Pinnacle
2026-05-23T09:51:04,Napoli vs Udinese,Serie A,16:00,1.5,Pinnacle,4.39,Pinnacle,6.89,Pinnacle,1.91,William Hill,1.99,Pinnacle
2026-05-23T09:51:04,AC Milan vs Cagliari,Serie A,18:45,1.3,William Hill,5.76,Pinnacle,12.39,Pinnacle,,,,
2026-05-23T09:51:04,Hellas Verona vs AS Roma,Serie A,18:45,11.48,Pinnacle,5.75,Pinnacle,1.3,William Hill,,,,
2026-05-23T09:51:04,Cremonese vs Como,Serie A,18:45,5.61,Pinnacle,4.42,Pinnacle,1.6,William Hill,,,,
2026-05-23T09:51:04,Lecce vs Genoa,Serie A,18:45,1.77,Pinnacle,3.63,Pinnacle,5.11,Pinnacle,,,,
2026-05-23T09:51:04,Torino vs Juventus,Serie A,18:45,7.47,Pinnacle,4.59,Pinnacle,1.46,Pinnacle,,,,
2026-05-23T09:51:04,Saint Etienne vs Nice,Ligue 1,18:45,2.38,Unibet,3.61,Pinnacle,3.07,Pinnacle,,,,
2026-05-23T09:51:04,Paris Saint Germain vs Arsenal,Champions League,16:00,2.29,Pinnacle,3.35,Unibet,3.3,Unibet,2.03,Pinnacle,1.93,Unibet
2026-05-23T09:51:04,LDU Quito vs Club Always Ready,Copa Libertadores,22:00,1.37,Unibet,5.26,Pinnacle,8.07,Pinnacle,,,,
2026-05-23T09:51:04,Lanus vs Mirassol,Copa Libertadores,22:00,1.76,Unibet,3.5,Pinnacle,5.13,Pinnacle,,,,
2026-05-23T09:51:04,Club Universitario de Deportes vs Deportes Tolima,Copa Libertadores,00:30,1.88,Pinnacle,3.3,Unibet,4.56,Pinnacle,,,,
2026-05-23T09:51:04,Nacional de Montevideo vs Coquimbo Unido,Copa Libertadores,00:30,1.85,William Hill,3.41,Pinnacle,4.57,Pinnacle,,,,
2026-05-23T09:51:04,Flamengo-RJ vs Cusco FC,Copa Libertadores,00:30,1.12,Unibet,9.37,Pinnacle,21.3,Pinnacle,,,,
2026-05-23T09:51:04,Estudiantes La Plata vs Independiente Medellín,Copa Libertadores,00:30,1.63,Unibet,3.72,Pinnacle,5.88,Pinnacle,,,,
2026-05-23T09:51:04,Independiente del Valle vs Rosario Central,Copa Libertadores,22:00,1.81,Pinnacle,3.53,Pinnacle,4.5,Pinnacle,,,,
2026-05-23T09:51:04,Libertad Asuncion vs UCV FC,Copa Libertadores,22:00,1.35,William Hill,5.1,Pinnacle,8.5,Unibet,,,,
2026-05-23T09:51:04,Club Bolívar vs Independiente Rivadavia,Copa Libertadores,00:30,2.31,Pinnacle,4.05,Pinnacle,2.66,Pinnacle,,,,
2026-05-23T09:51:04,Corinthians-SP vs Platense,Copa Libertadores,00:30,1.76,Unibet,3.43,Pinnacle,5.39,Pinnacle,,,,
2026-05-23T09:51:04,Fluminense-RJ vs Deportivo La Guaira,Copa Libertadores,00:30,1.14,William Hill,9.0,Unibet,25.0,Unibet,,,,
2026-05-23T09:51:04,Peñarol Montevideo vs Independiente Santa Fe,Copa Libertadores,00:30,1.88,Pinnacle,3.4,Unibet,4.7,Unibet,,,,
2026-05-23T09:51:04,Cerro Porteño vs Sporting Cristal,Copa Libertadores,22:00,1.65,William Hill,3.75,Unibet,5.71,Pinnacle,,,,
2026-05-23T09:51:04,Palmeiras-SP vs Junior FC,Copa Libertadores,22:00,1.25,William Hill,5.63,Pinnacle,12.5,Unibet,,,,
2026-05-23T09:51:04,Cruzeiro vs Barcelona SC,Copa Libertadores,00:30,1.25,William Hill,5.53,Pinnacle,12.5,Unibet,1.91,Pinnacle,1.93,Unibet
2026-05-23T09:51:04,Boca Juniors vs Universidad Católica (CHI),Copa Libertadores,00:30,1.43,Pinnacle,4.5,Unibet,9.0,Unibet,,,,
2026-05-23T09:51:04,Sao Paulo vs CA Boston River,Copa Sudamericana,22:00,1.2,William Hill,7.0,Unibet,19.0,Unibet,,,,
2026-05-23T09:51:04,Palestino vs Deportivo Riestra,Copa Sudamericana,22:00,2.28,Unibet,3.12,Pinnacle,3.42,Pinnacle,,,,
2026-05-23T09:51:04,Grêmio vs Montevideo City Torque,Copa Sudamericana,22:00,1.53,Unibet,4.12,Pinnacle,6.25,Unibet,1.92,Unibet,1.89,Pinnacle
2026-05-23T09:51:04,Millonarios vs O'Higgins,Copa Sudamericana,22:00,1.62,William Hill,3.8,Unibet,5.75,Unibet,,,,
2026-05-23T09:51:04,Santos vs C.D. Cuenca,Copa Sudamericana,00:30,1.31,Pinnacle,5.1,Unibet,10.0,Unibet,,,,
2026-05-23T09:51:04,San Lorenzo vs Recoleta FC,Copa Sudamericana,00:30,1.37,Unibet,4.4,Pinnacle,9.5,Unibet,,,,
2026-05-23T09:51:04,Olimpia Asunción vs Audax Italiano,Copa Sudamericana,22:00,1.72,Unibet,3.95,Pinnacle,5.17,Pinnacle,1.89,Unibet,1.99,Pinnacle
2026-05-23T09:51:04,Vasco da Gama vs Barracas Central,Copa Sudamericana,22:00,1.37,Unibet,4.99,Pinnacle,8.0,William Hill,,,,
2026-05-23T09:51:04,Caracas FC vs Botafogo,Copa Sudamericana,22:00,3.34,Pinnacle,3.0,William Hill,2.32,Pinnacle,,,,
2026-05-23T09:51:04,Club Cienciano vs CA Juventud,Copa Sudamericana,22:00,1.7,William Hill,3.76,Pinnacle,4.71,Pinnacle,1.82,Pinnacle,1.97,Pinnacle
2026-05-23T09:51:04,Racing Club vs Club Independiente Petrolero,Copa Sudamericana,22:00,1.07,William Hill,11.95,Pinnacle,29.0,William Hill,,,,
2026-05-23T09:51:04,Clube Atlético Mineiro vs Puerto Cabello,Copa Sudamericana,22:00,1.29,William Hill,5.34,Pinnacle,10.78,Pinnacle,1.91,Pinnacle,1.88,Pinnacle
2026-05-23T09:51:04,River Plate vs Blooming,Copa Sudamericana,00:30,1.07,William Hill,12.23,Pinnacle,29.0,William Hill,,,,
2026-05-23T09:51:04,Bragantino-SP vs Carabobo FC,Copa Sudamericana,00:30,1.33,William Hill,4.78,Pinnacle,10.71,Pinnacle,1.93,Pinnacle,1.86,Pinnacle
2026-05-23T09:51:04,CA Tigre BA vs Alianza Atlético,Copa Sudamericana,00:30,1.32,Pinnacle,4.81,Pinnacle,9.5,William Hill,1.95,Pinnacle,1.85,William Hill
2026-05-23T09:51:04,América de Cali vs Macará,Copa Sudamericana,00:30,1.67,William Hill,3.57,Pinnacle,5.42,Pinnacle,,,,
2026-05-23T09:51:04,Crystal Palace vs Rayo Vallecano,Conference League,19:00,1.92,Pinnacle,3.44,Pinnacle,4.16,Pinnacle,,,,
2026-05-23T09:51:04,Mexico vs South Africa,FIFA World Cup,19:00,1.5,Unibet,4.3,Pinnacle,6.98,Pinnacle,2.05,Pinnacle,1.83,William Hill
2026-05-23T09:51:04,South Korea vs Czech Republic,FIFA World Cup,02:00,2.69,Pinnacle,3.25,William Hill,2.79,Pinnacle,,,,
2026-05-23T09:51:04,Canada vs Bosnia & Herzegovina,FIFA World Cup,19:00,1.8,William Hill,4.0,William Hill,4.6,Unibet,,,,
2026-05-23T09:51:04,USA vs Paraguay,FIFA World Cup,01:00,1.99,Pinnacle,3.57,Pinnacle,3.8,Unibet,,,,
2026-05-23T09:51:04,Qatar vs Switzerland,FIFA World Cup,19:00,10.0,Unibet,5.68,Pinnacle,1.3,Pinnacle,,,,
2026-05-23T09:51:04,Brazil vs Morocco,FIFA World Cup,22:00,1.63,Pinnacle,4.0,William Hill,5.61,Pinnacle,1.99,Pinnacle,2.0,William Hill
2026-05-23T09:51:04,Haiti vs Scotland,FIFA World Cup,01:00,7.5,Unibet,4.9,Pinnacle,1.43,Pinnacle,1.88,Pinnacle,2.0,William Hill
2026-05-23T09:51:04,Australia vs Turkey,FIFA World Cup,04:00,4.43,Pinnacle,3.73,Pinnacle,1.83,William Hill,,,,
2026-05-23T09:51:04,Netherlands vs Japan,FIFA World Cup,20:00,2.02,Unibet,3.7,Pinnacle,3.55,Unibet,1.91,William Hill,1.96,Pinnacle
2026-05-23T09:51:04,Ivory Coast vs Ecuador,FIFA World Cup,23:00,3.74,Pinnacle,3.05,Unibet,2.38,William Hill,,,,
2026-05-23T09:51:04,Sweden vs Tunisia,FIFA World Cup,02:00,1.94,Unibet,3.5,William Hill,4.22,Pinnacle,,,,
2026-05-23T09:51:04,Belgium vs Egypt,FIFA World Cup,19:00,1.68,Unibet,4.0,William Hill,4.95,Pinnacle,1.86,Pinnacle,2.0,William Hill
2026-05-23T09:51:04,Saudi Arabia vs Uruguay,FIFA World Cup,22:00,6.1,Unibet,4.25,Pinnacle,1.55,William Hill,1.96,Pinnacle,1.88,Pinnacle
2026-05-23T09:51:04,Iran vs New Zealand,FIFA World Cup,01:00,1.87,Pinnacle,3.6,Unibet,4.75,Unibet,,,,
2026-05-23T09:51:04,France vs Senegal,FIFA World Cup,19:00,1.45,Pinnacle,4.5,Unibet,7.07,Pinnacle,1.91,Pinnacle,2.1,William Hill
2026-05-23T09:51:04,Iraq vs Norway,FIFA World Cup,22:00,10.0,Unibet,6.17,Pinnacle,1.29,William Hill,,,,
2026-05-23T09:51:04,Argentina vs Algeria,FIFA World Cup,01:00,1.42,Pinnacle,4.5,Unibet,8.5,William Hill,1.93,Pinnacle,1.91,William Hill
2026-05-23T09:51:04,Austria vs Jordan,FIFA World Cup,04:00,1.35,William Hill,5.31,Pinnacle,9.0,Unibet,,,,
2026-05-23T09:51:04,Portugal vs DR Congo,FIFA World Cup,17:00,1.33,William Hill,5.82,Pinnacle,10.25,Pinnacle,,,,
2026-05-23T09:51:04,England vs Croatia,FIFA World Cup,20:00,1.75,Pinnacle,3.78,Pinnacle,4.9,Unibet,,,,
2026-05-23T09:51:04,Ghana vs Panama,FIFA World Cup,23:00,1.96,Unibet,3.89,Pinnacle,3.85,Unibet,,,,
2026-05-23T09:51:04,Uzbekistan vs Colombia,FIFA World Cup,02:00,7.74,Pinnacle,4.5,William Hill,1.43,Pinnacle,1.96,Pinnacle,1.95,Unibet
2026-05-23T09:51:04,Czech Republic vs South Africa,FIFA World Cup,16:00,2.1,Unibet,3.31,Pinnacle,4.06,Pinnacle,,,,
2026-05-23T09:51:04,Switzerland vs Bosnia & Herzegovina,FIFA World Cup,19:00,1.58,Unibet,4.19,Pinnacle,5.8,Unibet,2.02,Pinnacle,1.85,Unibet
2026-05-23T09:51:04,Canada vs Qatar,FIFA World Cup,22:00,1.53,Unibet,4.32,Pinnacle,7.5,Unibet,,,,
2026-05-23T09:51:04,Mexico vs South Korea,FIFA World Cup,01:00,1.85,Unibet,3.63,Pinnacle,4.66,Pinnacle,,,,
2026-05-23T09:51:04,USA vs Australia,FIFA World Cup,19:00,1.76,Unibet,4.0,Pinnacle,5.0,Unibet,,,,
2026-05-23T09:51:04,Scotland vs Morocco,FIFA World Cup,22:00,3.75,Unibet,3.22,Pinnacle,2.13,Pinnacle,,,,
2026-05-23T09:51:04,Turkey vs Paraguay,FIFA World Cup,03:00,2.3,Unibet,3.16,Pinnacle,3.45,Pinnacle,,,,
2026-05-23T09:51:04,Netherlands vs Sweden,FIFA World Cup,17:00,1.72,Unibet,4.03,Pinnacle,4.94,Pinnacle,1.93,Pinnacle,1.95,Unibet
2026-05-23T09:51:04,Germany vs Ivory Coast,FIFA World Cup,20:00,1.56,Pinnacle,4.25,Unibet,6.0,Unibet,1.81,Pinnacle,2.18,Unibet
2026-05-23T09:51:04,Ecuador vs Curaçao,FIFA World Cup,00:00,1.24,Pinnacle,6.25,Unibet,13.0,Unibet,,,,
2026-05-23T09:51:04,Tunisia vs Japan,FIFA World Cup,04:00,4.75,Unibet,3.35,Unibet,1.85,Unibet,,,,
2026-05-23T09:51:04,Belgium vs Iran,FIFA World Cup,19:00,1.45,Unibet,4.51,Pinnacle,7.5,Unibet,1.86,Pinnacle,1.94,Pinnacle
2026-05-23T09:51:04,Uruguay vs Cape Verde,FIFA World Cup,22:00,1.45,Unibet,4.5,Unibet,7.43,Pinnacle,1.91,Pinnacle,1.89,Pinnacle
2026-05-23T09:51:04,New Zealand vs Egypt,FIFA World Cup,01:00,5.0,Unibet,3.8,Pinnacle,1.75,Unibet,,,,
2026-05-23T09:51:04,Argentina vs Austria,FIFA World Cup,17:00,1.69,Pinnacle,3.75,Unibet,5.5,Unibet,1.97,Pinnacle,1.84,Pinnacle
2026-05-23T09:51:04,France vs Iraq,FIFA World Cup,21:00,1.13,Unibet,8.59,Pinnacle,26.0,Unibet,,,,
2026-05-23T09:51:04,Norway vs Senegal,FIFA World Cup,00:00,2.15,Unibet,3.59,Pinnacle,3.6,Unibet,1.93,Pinnacle,1.95,Unibet
2026-05-23T09:51:04,Jordan vs Algeria,FIFA World Cup,03:00,4.75,Pinnacle,3.69,Pinnacle,1.77,Unibet,1.98,Pinnacle,1.85,Unibet
2026-05-23T09:51:04,Portugal vs Uzbekistan,FIFA World Cup,17:00,1.2,Pinnacle,7.0,Unibet,17.0,Unibet,,,,
2026-05-23T09:51:04,England vs Ghana,FIFA World Cup,20:00,1.35,Unibet,5.22,Pinnacle,9.0,Unibet,,,,
2026-05-23T09:51:04,Panama vs Croatia,FIFA World Cup,23:00,6.53,Pinnacle,4.3,Unibet,1.55,Pinnacle,,,,
2026-05-23T09:51:04,Colombia vs DR Congo,FIFA World Cup,02:00,1.55,Unibet,4.15,Pinnacle,6.93,Pinnacle,,,,
2026-05-23T09:51:04,Bolton Wanderers vs Stockport County FC,League One,12:00,2.63,Unibet,3.21,Pinnacle,2.95,Pinnacle,2.06,Pinnacle,1.81,Pinnacle
2026-05-23T09:51:04,Notts County vs Salford City,League Two,14:00,2.69,Pinnacle,3.1,William Hill,2.8,Unibet,,,,
2026-05-23T09:51:04,US Catanzaro 1929 vs Monza,Serie B,18:00,2.83,Pinnacle,3.2,Unibet,2.65,Pinnacle,2.01,Pinnacle,1.85,Pinnacle
2026-05-23T09:51:04,Andorra CF vs AD Ceuta FC,Segunda División,14:15,1.56,Pinnacle,4.61,Pinnacle,6.0,Unibet,,,,
2026-05-23T09:51:04,Albacete vs Real Sociedad B,Segunda División,14:15,1.9,Pinnacle,3.89,Pinnacle,4.0,Unibet,,,,
2026-05-23T09:51:04,Sporting Gijón vs Almería,Segunda División,16:30,4.4,Unibet,4.07,Pinnacle,1.74,Pinnacle,,,,
2026-05-23T09:51:04,Cultural Leonesa vs Burgos CF,Segunda División,16:30,3.02,Pinnacle,3.1,Unibet,2.55,Unibet,,,,
2026-05-23T09:51:04,SD Huesca vs CD Castellón,Segunda División,16:30,4.5,Unibet,4.27,Pinnacle,1.75,Unibet,,,,
2026-05-23T09:51:04,CD Mirandés vs Granada CF,Segunda División,16:30,1.51,Unibet,4.37,Pinnacle,6.82,Pinnacle,,,,
2026-05-23T09:51:04,Cádiz CF vs Leganés,Segunda División,16:30,2.37,Pinnacle,3.35,Unibet,3.15,Unibet,1.93,Pinnacle,1.91,Pinnacle
2026-05-23T09:51:04,SD Eibar vs Córdoba,Segunda División,16:30,1.75,Unibet,4.16,Pinnacle,4.7,Pinnacle,,,,
2026-05-23T09:51:04,Real Valladolid CF vs Deportivo La Coruña,Segunda División,16:30,5.2,Unibet,3.78,Pinnacle,1.71,Pinnacle,1.88,Pinnacle,1.95,Pinnacle
2026-05-23T09:51:04,Las Palmas vs Zaragoza,Segunda División,16:30,1.44,Unibet,4.6,Pinnacle,8.51,Pinnacle,,,,
2026-05-23T09:51:04,Málaga vs Real Racing Club de Santander,Segunda División,16:30,1.64,Unibet,4.43,Pinnacle,4.64,Pinnacle,,,,
2026-05-23T09:51:04,Rapid Wien vs Ried,Austria Bundesliga,15:00,2.17,Pinnacle,3.4,Pinnacle,3.38,Pinnacle,2.0,Pinnacle,1.84,Pinnacle
2026-05-23T09:51:04,Dender vs Lommel SK,Belgian First Div,16:15,2.19,Pinnacle,3.52,Pinnacle,3.22,Pinnacle,,,,
2026-05-23T09:51:04,Standard Liege vs Charleroi,Belgian First Div,18:45,2.1,Pinnacle,3.46,Pinnacle,3.5,Pinnacle,1.96,Pinnacle,1.9,Unibet
2026-05-23T09:51:04,Leuven vs Genk,Belgian First Div,18:45,4.11,Pinnacle,4.21,Pinnacle,1.75,Unibet,,,,
2026-05-23T09:51:04,Royal Antwerp vs Westerlo,Belgian First Div,18:45,2.11,Pinnacle,3.92,Pinnacle,3.1,Pinnacle,,,,
2026-05-23T09:51:04,Union Saint-Gilloise vs Anderlecht,Belgian First Div,16:30,1.55,William Hill,4.17,Pinnacle,5.6,Unibet,1.8,Pinnacle,2.05,William Hill
2026-05-23T09:51:04,Club Brugge vs Gent,Belgian First Div,16:30,1.67,William Hill,4.62,Pinnacle,4.0,William Hill,,,,
2026-05-23T09:51:04,Sint Truiden vs KV Mechelen,Belgian First Div,16:30,1.79,Pinnacle,4.3,Pinnacle,3.75,Unibet,,,,
2026-05-23T09:51:04,Sao Paulo vs Botafogo,Brasileirao,20:00,1.77,Unibet,3.86,Pinnacle,4.79,Pinnacle,1.88,Unibet,2.03,Pinnacle
2026-05-23T09:51:04,Vitoria vs Internacional,Brasileirao,20:00,3.04,Pinnacle,3.2,Unibet,2.56,Pinnacle,,,,
2026-05-23T09:51:04,Mirassol vs Fluminense,Brasileirao,22:00,2.44,Pinnacle,3.13,Pinnacle,3.28,Pinnacle,,,,
2026-05-23T09:51:04,Grêmio vs Santos,Brasileirao,22:00,2.27,Pinnacle,3.32,Pinnacle,3.5,Unibet,,,,
2026-05-23T09:51:04,Flamengo vs Palmeiras,Brasileirao,00:00,1.81,Pinnacle,3.45,Unibet,5.37,Pinnacle,,,,
2026-05-23T09:51:04,Remo vs Atletico Paranaense,Brasileirao,19:00,2.69,Pinnacle,3.35,Unibet,2.74,Pinnacle,,,,
2026-05-23T09:51:04,Cruzeiro vs Chapecoense,Brasileirao,19:00,1.36,Pinnacle,5.02,Pinnacle,9.0,Unibet,,,,
2026-05-23T09:51:04,Corinthians vs Atletico Mineiro,Brasileirao,21:30,1.8,Pinnacle,3.34,Pinnacle,5.1,Pinnacle,,,,
2026-05-23T09:51:04,Vasco da Gama vs Bragantino-SP,Brasileirao,23:30,2.02,Pinnacle,3.4,Unibet,3.89,Pinnacle,,,,
2026-05-23T09:51:04,Coritiba vs Bahia,Brasileirao,23:00,2.7,Unibet,3.27,Pinnacle,2.71,Pinnacle,2.07,Unibet,1.81,Pinnacle
2026-05-23T09:51:04,Grêmio Novorizontino vs Ceará,Brasileirao B,19:00,2.06,Unibet,3.2,Unibet,4.2,Pinnacle,,,,
2026-05-23T09:51:04,Fortaleza vs Londrina,Brasileirao B,21:30,1.57,William Hill,4.0,Unibet,7.0,Unibet,,,,
2026-05-23T09:51:04,Juventude vs Sport Recife,Brasileirao B,23:30,2.25,Pinnacle,3.2,Unibet,3.59,Pinnacle,,,,
2026-05-23T09:51:04,Atletico Goianiense vs São Bernardo,Brasileirao B,19:00,1.88,Unibet,3.3,Unibet,4.72,Pinnacle,,,,
2026-05-23T09:51:04,Clube de Regatas Brasil vs Ponte Preta,Brasileirao B,19:30,1.55,Unibet,4.14,Pinnacle,6.8,Pinnacle,1.98,Pinnacle,1.86,Unibet
2026-05-23T09:51:04,América Mineiro vs Vila Nova,Brasileirao B,21:30,2.18,Pinnacle,3.28,Pinnacle,3.5,Unibet,,,,
2026-05-23T09:51:04,Avai vs Goiás,Brasileirao B,22:00,2.42,Pinnacle,3.25,Unibet,3.2,Unibet,,,,
2026-05-23T09:51:04,Operario PR vs Criciuma,Brasileirao B,23:30,2.27,Pinnacle,3.15,Unibet,3.49,Pinnacle,,,,
2026-05-23T09:51:04,Botafogo vs Athletic Club (MG),Brasileirao B,22:00,2.08,Unibet,3.16,Pinnacle,4.0,Unibet,,,,
2026-05-23T09:51:04,River Plate vs Belgrano de Cordoba,Liga Profesional,18:30,2.05,Pinnacle,3.05,Unibet,4.7,Unibet,,,,
2026-05-23T09:51:04,Pumas vs Cruz Azul,Liga MX,01:00,2.86,Pinnacle,3.3,Pinnacle,2.53,Pinnacle,1.96,Pinnacle,1.98,Unibet
2026-05-23T09:51:04,St. Louis City SC vs Austin FC,MLS,18:45,1.68,Pinnacle,4.26,Pinnacle,4.82,Pinnacle,,,,
2026-05-23T09:51:04,Minnesota United FC vs Real Salt Lake,MLS,20:30,2.18,Pinnacle,3.7,Unibet,3.37,Pinnacle,,,,
2026-05-23T09:51:04,D.C. United vs CF Montreal,MLS,23:30,2.04,Pinnacle,3.83,Pinnacle,3.8,Unibet,,,,
2026-05-23T09:51:04,Charlotte FC vs New England Revolution,MLS,23:30,1.85,Pinnacle,3.98,Pinnacle,4.09,Pinnacle,,,,
2026-05-23T09:51:04,FC Cincinnati vs Orlando City SC,MLS,23:30,1.71,Pinnacle,4.68,Pinnacle,4.4,Unibet,,,,
2026-05-23T09:51:04,Chicago Fire vs Toronto FC,MLS,00:30,1.49,Pinnacle,4.93,Pinnacle,6.04,Pinnacle,,,,
2026-05-23T09:51:04,Nashville SC vs New York City FC,MLS,00:30,1.76,Pinnacle,3.92,Pinnacle,4.69,Pinnacle,1.86,Pinnacle,2.05,Unibet
2026-05-23T09:51:04,Sporting Kansas City vs New York Red Bulls,MLS,00:30,3.07,Pinnacle,4.09,Pinnacle,2.16,Pinnacle,,,,
2026-05-23T09:51:04,Colorado Rapids vs FC Dallas,MLS,01:30,2.35,Unibet,3.91,Pinnacle,2.83,Pinnacle,,,,
2026-05-23T09:51:04,Portland Timbers vs San Jose Earthquakes,MLS,01:30,2.46,Pinnacle,4.07,Pinnacle,2.63,Pinnacle,,,,
2026-05-23T09:51:04,San Diego FC vs Vancouver Whitecaps FC,MLS,01:30,3.51,Pinnacle,4.11,Pinnacle,1.97,Pinnacle,,,,
2026-05-23T09:51:04,LA Galaxy vs Houston Dynamo,MLS,02:30,2.16,Pinnacle,3.7,Unibet,3.37,Pinnacle,,,,
2026-05-23T09:51:04,Columbus Crew SC vs Atlanta United FC,MLS,21:00,1.52,Pinnacle,4.53,Pinnacle,6.0,Unibet,,,,
2026-05-23T09:51:04,Inter Miami CF vs Philadelphia Union,MLS,23:00,1.45,Pinnacle,5.29,Pinnacle,6.5,Unibet,,,,
2026-05-23T09:51:04,Los Angeles FC vs Seattle Sounders FC,MLS,01:15,1.91,William Hill,3.83,Pinnacle,3.75,Unibet,,,,
2026-05-23T09:51:04,Audax Italiano vs Cobresal,Campeonato Chileno,16:30,1.83,Unibet,3.91,Pinnacle,4.46,Pinnacle,,,,
2026-05-23T09:51:04,Ñublense vs Universidad de Concepción,Campeonato Chileno,19:00,1.7,Unibet,3.93,Pinnacle,5.32,Pinnacle,2.02,Pinnacle,1.85,Pinnacle
2026-05-23T09:51:04,Union La Calera vs Palestino,Campeonato Chileno,00:00,2.7,Unibet,3.53,Pinnacle,2.7,Pinnacle,1.97,Pinnacle,1.9,Pinnacle
2026-05-23T09:51:04,Deportes Concepción vs Huachipato,Campeonato Chileno,16:30,2.18,Unibet,3.29,Pinnacle,3.51,Pinnacle,,,,
2026-05-23T09:51:04,La Serena vs Deportes Limache,Campeonato Chileno,19:00,2.48,Pinnacle,3.45,Pinnacle,2.76,Pinnacle,,,,
2026-05-23T09:51:04,Universidad Católica (CHI) vs Colo Colo,Campeonato Chileno,22:00,2.56,Pinnacle,3.2,Unibet,2.85,Pinnacle,,,,
2026-05-23T09:51:04,Fagiano Okayama vs Cerezo Osaka,J-League,03:55,2.82,Pinnacle,3.37,Pinnacle,2.55,Pinnacle,1.94,Pinnacle,1.91,Pinnacle
2026-05-23T09:51:04,Mito HollyHock vs Kawasaki Frontale,J-League,05:00,3.17,Pinnacle,3.4,Pinnacle,2.3,Pinnacle,1.88,Pinnacle,1.97,Pinnacle
2026-05-23T09:51:04,Tokyo Verdy vs Yokohama F Marinos,J-League,05:00,2.71,Pinnacle,3.07,Pinnacle,2.86,Pinnacle,,,,
2026-05-23T09:51:04,Shimizu S Pulse vs Gamba Osaka,J-League,08:00,2.9,Pinnacle,3.34,Pinnacle,2.49,Pinnacle,1.97,Pinnacle,1.88,Pinnacle
2026-05-23T09:51:04,Qingdao Hainiu FC vs Chongqing Tonglianglong FC,Super Liga China,09:00,2.47,Pinnacle,3.26,Pinnacle,3.0,Pinnacle,,,,
2026-05-23T09:51:04,Yunnan Yukun vs Qingdao West Coast FC,Super Liga China,11:00,1.87,Pinnacle,3.83,Pinnacle,3.96,Pinnacle,,,,
2026-05-23T09:51:04,Zhejiang vs Liaoning Tieren FC,Super Liga China,11:35,1.71,Unibet,4.38,Pinnacle,4.31,Pinnacle,,,,
2026-05-23T09:51:04,Shandong Luneng Taishan FC vs Wuhan Three Towns,Super Liga China,11:35,1.34,Unibet,5.67,Pinnacle,8.41,Pinnacle,,,,
2026-05-23T09:51:04,Shanghai Shenhua FC vs Shenzhen Peng City FC,Super Liga China,12:00,1.68,Unibet,4.4,Pinnacle,4.57,Pinnacle,,,,
2026-05-23T09:51:04,Bodø/Glimt vs SK Brann,Eliteserien,14:00,1.36,Unibet,6.18,Pinnacle,7.9,Pinnacle,,,,
2026-05-23T09:51:04,Kristiansund BK vs Viking FK,Eliteserien,16:00,6.75,Unibet,5.28,Pinnacle,1.42,Pinnacle,,,,
2026-05-23T09:51:04,IK Start vs Vålerenga,Eliteserien,12:30,2.96,Pinnacle,3.86,Pinnacle,2.23,Unibet,,,,
2026-05-23T09:51:04,Tromso vs Aalesund,Eliteserien,15:00,1.45,Pinnacle,4.81,Pinnacle,6.75,Unibet,,,,
2026-05-23T09:51:04,HamKam vs Lillestrom,Eliteserien,15:00,2.95,Unibet,3.63,Pinnacle,2.32,Pinnacle,,,,
2026-05-23T09:51:04,KFUM vs Rosenborg,Eliteserien,15:00,2.33,Unibet,3.63,Pinnacle,2.96,Pinnacle,,,,
2026-05-23T09:51:04,Sarpsborg FK vs Molde,Eliteserien,15:00,2.61,Pinnacle,3.92,Pinnacle,2.48,Unibet,,,,
2026-05-23T09:51:04,Sandefjord vs Fredrikstad FK,Eliteserien,17:15,1.85,Pinnacle,4.05,Pinnacle,3.79,Pinnacle,,,,
2026-05-23T09:51:04,Hammarby IF vs AIK,Allsvenskan,12:00,1.46,Pinnacle,4.76,Pinnacle,6.5,Unibet,,,,
2026-05-23T09:51:04,IK Sirius vs GAIS,Allsvenskan,12:00,1.75,William Hill,3.94,Pinnacle,4.7,Unibet,,,,
2026-05-23T09:51:04,Malmo FF vs Västerås SK,Allsvenskan,14:30,1.64,Pinnacle,4.11,Pinnacle,5.1,Pinnacle,,,,
2026-05-23T09:51:04,IF Elfsborg vs BK Hacken,Allsvenskan,17:00,2.86,Pinnacle,3.35,Unibet,2.44,Pinnacle,1.84,Pinnacle,2.0,Unibet
2026-05-23T09:51:04,IFK Goteborg vs Mjällby AIF,Allsvenskan,17:00,2.98,Pinnacle,3.2,Unibet,2.6,Pinnacle,2.0,William Hill,1.82,Pinnacle
2026-05-23T09:51:04,Falkenbergs FF vs IFK Värnamo,Superettan,15:00,2.22,Pinnacle,3.52,Pinnacle,3.19,Pinnacle,,,,
2026-05-23T09:51:04,Varbergs BoIS vs GIF Sundsvall,Superettan,13:00,1.62,Unibet,3.88,Pinnacle,6.16,Pinnacle,,,,
2026-05-23T09:51:04,Sandvikens IF vs Landskrona BoIS,Superettan,15:00,2.59,Pinnacle,3.45,Unibet,2.7,Unibet,1.81,Pinnacle,2.14,Unibet
2026-05-23T09:51:04,IFK Norrkoping vs Östers IF,Superettan,17:05,1.62,William Hill,4.38,Pinnacle,4.7,Unibet,,,,
2026-05-23T09:51:04,Örebro SK vs Helsingborgs IF,Superettan,17:00,2.27,Pinnacle,3.39,Pinnacle,3.07,Pinnacle,1.83,Pinnacle,1.96,Pinnacle
2026-05-23T09:51:04,Raków Częstochowa vs Arka Gdynia,Ekstraklasa,15:30,1.26,Unibet,6.23,Pinnacle,10.5,Unibet,,,,
2026-05-23T09:51:04,Cracovia Kraków vs Korona Kielce,Ekstraklasa,15:30,2.14,Unibet,2.95,Unibet,4.51,Pinnacle,,,,
2026-05-23T09:51:04,Pogoń Szczecin vs GKS Katowice,Ekstraklasa,15:30,2.8,Unibet,3.91,Pinnacle,2.39,Pinnacle,,,,
2026-05-23T09:51:04,Górnik Zabrze vs Radomiak Radom,Ekstraklasa,15:30,1.45,Unibet,5.0,Pinnacle,6.76,Pinnacle,,,,
2026-05-23T09:51:04,Jagiellonia Białystok vs Zagłębie Lubin,Ekstraklasa,15:30,1.49,Unibet,4.79,Pinnacle,6.33,Pinnacle,,,,
2026-05-23T09:51:04,Lech Poznań vs Wisła Płock,Ekstraklasa,15:30,1.29,Pinnacle,6.1,Unibet,10.0,Unibet,,,,
2026-05-23T09:51:04,Nieciecza vs Lechia Gdańsk,Ekstraklasa,15:30,4.0,Unibet,4.58,Pinnacle,1.77,Unibet,,,,
2026-05-23T09:51:04,Legia Warszawa vs Motor Lublin,Ekstraklasa,15:30,1.54,Pinnacle,4.62,Pinnacle,5.75,Unibet,,,,
2026-05-23T09:51:04,Widzew Łódź vs Piast Gliwice,Ekstraklasa,15:30,2.42,Pinnacle,3.42,Pinnacle,3.0,Unibet,,,,
2026-05-23T09:51:04,Derry City vs Shelbourne Dublin,League of Ireland,18:45,2.47,Pinnacle,3.31,Pinnacle,2.88,Unibet,,,,
2026-05-23T09:51:04,Bohemians vs Shamrock Rovers,League of Ireland,19:00,2.5,Pinnacle,3.35,Pinnacle,3.1,Unibet,,,,
2026-05-23T09:51:04,Drogheda United vs Waterford FC,League of Ireland,18:45,1.84,Pinnacle,4.05,Pinnacle,3.95,Unibet,,,,
2026-05-23T09:51:04,Cleveland Cavaliers vs New York Knicks,NBA,00:10,,,,,,,,,,
2026-05-23T09:51:04,San Antonio Spurs vs Oklahoma City Thunder,NBA,00:10,,,,,,,,,,
2026-05-23T09:51:04,Cincinnati Reds vs St. Louis Cardinals,MLB,17:11,,,,,,,,,,
2026-05-23T09:51:04,Chicago Cubs vs Houston Astros,MLB,18:21,,,,,,,,,,
2026-05-23T09:51:04,Toronto Blue Jays vs Pittsburgh Pirates,MLB,19:08,,,,,,,,,,
2026-05-23T09:51:04,Baltimore Orioles vs Detroit Tigers,MLB,20:06,,,,,,,,,,
2026-05-23T09:51:04,San Francisco Giants vs Chicago White Sox,MLB,20:06,,,,,,,,,,
2026-05-23T09:51:04,Philadelphia Phillies vs Cleveland Guardians,MLB,20:06,,,,,,,,,,
2026-05-23T09:51:04,Atlanta Braves vs Washington Nationals,MLB,20:11,,,,,,,,,,
2026-05-23T09:51:04,Boston Red Sox vs Minnesota Twins,MLB,20:11,,,,,,,,,,
2026-05-23T09:51:04,Kansas City Royals vs Seattle Mariners,MLB,20:11,,,,,,,,,,
2026-05-23T09:51:04,Miami Marlins vs New York Mets,MLB,20:11,,,,,,,,,,
2026-05-23T09:51:04,Cincinnati Reds vs St. Louis Cardinals,MLB,23:16,,,,,,,,,,
2026-05-23T09:51:04,Milwaukee Brewers vs Los Angeles Dodgers,MLB,23:16,,,,,,,,,,
2026-05-23T09:51:04,San Diego Padres vs Athletics,MLB,01:41,,,,,,,,,,
2026-05-23T09:51:04,Los Angeles Angels vs Texas Rangers,MLB,02:06,,,,,,,,,,
2026-05-23T09:51:04,Arizona Diamondbacks vs Colorado Rockies,MLB,02:11,,,,,,,,,,
2026-05-23T09:51:04,Carolina Hurricanes vs Montréal Canadiens,NHL,23:20,,,,,,,,,,
2026-05-23T09:51:04,Vegas Golden Knights vs Colorado Avalanche,NHL,00:00,,,,,,,,,,
2026-05-23T10:12:00,Crystal Palace vs Arsenal,Premier League,15:00,4.28,Pinnacle,4.05,Pinnacle,1.8,Pinnacle,,,,
2026-05-23T10:12:00,Manchester City vs Aston Villa,Premier League,15:00,1.28,Pinnacle,6.54,Pinnacle,9.26,Pinnacle,,,,
2026-05-23T10:12:00,Nottingham Forest vs Bournemouth,Premier League,15:00,3.43,Pinnacle,3.89,Pinnacle,2.06,Pinnacle,,,,
2026-05-23T10:12:00,Liverpool vs Brentford,Premier League,15:00,1.83,Pinnacle,4.34,Pinnacle,3.9,Unibet,,,,
2026-05-23T10:12:00,Brighton and Hove Albion vs Manchester United,Premier League,15:00,1.83,William Hill,4.31,Pinnacle,3.89,Pinnacle,,,,
2026-05-23T10:12:00,Burnley vs Wolverhampton Wanderers,Premier League,15:00,2.38,William Hill,3.72,Pinnacle,2.98,Pinnacle,,,,
2026-05-23T10:12:00,Sunderland vs Chelsea,Premier League,15:00,3.53,Pinnacle,3.84,Pinnacle,2.04,Pinnacle,,,,
2026-05-23T10:12:00,Tottenham Hotspur vs Everton,Premier League,15:00,1.91,Pinnacle,3.55,Unibet,4.34,Pinnacle,,,,
2026-05-23T10:12:00,Fulham vs Newcastle United,Premier League,15:00,2.89,Pinnacle,3.78,Pinnacle,2.36,Pinnacle,,,,
2026-05-23T10:12:00,West Ham United vs Leeds United,Premier League,15:00,1.78,Pinnacle,4.25,Pinnacle,4.2,Pinnacle,,,,
2026-05-23T10:12:00,Alavés vs Rayo Vallecano,La Liga,19:00,2.54,Pinnacle,3.4,Pinnacle,2.94,Pinnacle,2.06,Pinnacle,1.85,Pinnacle
2026-05-23T10:12:00,Real Madrid vs Athletic Bilbao,La Liga,19:00,1.53,Pinnacle,4.8,Pinnacle,5.72,Pinnacle,,,,
2026-05-23T10:12:00,Valencia vs Barcelona,La Liga,19:00,3.39,Pinnacle,4.09,Pinnacle,2.04,Pinnacle,,,,
2026-05-23T10:12:00,Getafe vs CA Osasuna,La Liga,19:00,2.82,Pinnacle,2.77,Pinnacle,3.21,Pinnacle,,,,
2026-05-23T10:12:00,Celta Vigo vs Sevilla,La Liga,19:00,2.01,Pinnacle,3.48,Pinnacle,4.1,Pinnacle,2.06,Pinnacle,1.85,Pinnacle
2026-05-23T10:12:00,Girona vs Elche CF,La Liga,19:00,1.85,Pinnacle,3.9,Pinnacle,4.21,Pinnacle,,,,
2026-05-23T10:12:00,Espanyol vs Real Sociedad,La Liga,19:00,2.25,Pinnacle,3.65,Pinnacle,3.22,Pinnacle,,,,
2026-05-23T10:12:00,Real Betis vs Levante,La Liga,19:00,2.42,Pinnacle,3.6,William Hill,3.01,Pinnacle,,,,
2026-05-23T10:12:00,Mallorca vs Oviedo,La Liga,19:00,1.49,Pinnacle,4.53,Pinnacle,7.08,Pinnacle,1.93,Pinnacle,1.98,Pinnacle
2026-05-23T10:12:00,Villarreal vs Atlético Madrid,La Liga,19:00,2.48,Pinnacle,3.73,Pinnacle,2.77,Pinnacle,,,,
2026-05-23T10:12:00,SC Paderborn vs VfL Wolfsburg,Bundesliga,18:30,3.41,Pinnacle,3.66,Pinnacle,2.06,Pinnacle,1.85,Pinnacle,1.98,Pinnacle
2026-05-23T10:12:00,Bologna vs Inter Milan,Serie A,16:00,3.53,Pinnacle,3.65,Pinnacle,2.12,Pinnacle,,,,
2026-05-23T10:12:00,Lazio vs Pisa,Serie A,18:45,1.75,Pinnacle,3.88,Pinnacle,4.91,Pinnacle,1.99,Pinnacle,1.92,Pinnacle
2026-05-23T10:12:00,Parma vs Sassuolo,Serie A,13:00,2.74,Pinnacle,3.41,Pinnacle,2.67,Pinnacle,1.92,Pinnacle,1.97,Pinnacle
2026-05-23T10:12:00,Napoli vs Udinese,Serie A,16:00,1.5,Pinnacle,4.39,Pinnacle,6.89,Pinnacle,1.91,William Hill,1.99,Pinnacle
2026-05-23T10:12:00,AC Milan vs Cagliari,Serie A,18:45,1.3,William Hill,5.76,Pinnacle,12.39,Pinnacle,,,,
2026-05-23T10:12:00,Hellas Verona vs AS Roma,Serie A,18:45,11.48,Pinnacle,5.75,Pinnacle,1.3,William Hill,,,,
2026-05-23T10:12:00,Cremonese vs Como,Serie A,18:45,5.61,Pinnacle,4.42,Pinnacle,1.6,William Hill,,,,
2026-05-23T10:12:00,Lecce vs Genoa,Serie A,18:45,1.77,Pinnacle,3.63,Pinnacle,5.11,Pinnacle,,,,
2026-05-23T10:12:00,Torino vs Juventus,Serie A,18:45,7.47,Pinnacle,4.59,Pinnacle,1.46,Pinnacle,,,,
2026-05-23T10:12:00,Saint Etienne vs Nice,Ligue 1,18:45,2.38,Unibet,3.61,Pinnacle,3.07,Pinnacle,,,,
2026-05-23T10:12:00,Paris Saint Germain vs Arsenal,Champions League,16:00,2.29,Pinnacle,3.35,Unibet,3.3,Unibet,2.03,Pinnacle,1.93,Unibet
2026-05-23T10:12:00,LDU Quito vs Club Always Ready,Copa Libertadores,22:00,1.37,Unibet,5.26,Pinnacle,8.07,Pinnacle,,,,
2026-05-23T10:12:00,Lanus vs Mirassol,Copa Libertadores,22:00,1.76,Unibet,3.5,Pinnacle,5.13,Pinnacle,,,,
2026-05-23T10:12:00,Club Universitario de Deportes vs Deportes Tolima,Copa Libertadores,00:30,1.88,Pinnacle,3.3,Unibet,4.56,Pinnacle,,,,
2026-05-23T10:12:00,Nacional de Montevideo vs Coquimbo Unido,Copa Libertadores,00:30,1.85,William Hill,3.41,Pinnacle,4.57,Pinnacle,,,,
2026-05-23T10:12:00,Flamengo-RJ vs Cusco FC,Copa Libertadores,00:30,1.12,Unibet,9.37,Pinnacle,21.3,Pinnacle,,,,
2026-05-23T10:12:00,Estudiantes La Plata vs Independiente Medellín,Copa Libertadores,00:30,1.63,Unibet,3.72,Pinnacle,5.88,Pinnacle,,,,
2026-05-23T10:12:00,Independiente del Valle vs Rosario Central,Copa Libertadores,22:00,1.81,Pinnacle,3.53,Pinnacle,4.5,Pinnacle,,,,
2026-05-23T10:12:00,Libertad Asuncion vs UCV FC,Copa Libertadores,22:00,1.35,William Hill,5.1,Pinnacle,8.5,Unibet,,,,
2026-05-23T10:12:00,Club Bolívar vs Independiente Rivadavia,Copa Libertadores,00:30,2.31,Pinnacle,4.05,Pinnacle,2.66,Pinnacle,,,,
2026-05-23T10:12:00,Corinthians-SP vs Platense,Copa Libertadores,00:30,1.76,Unibet,3.43,Pinnacle,5.39,Pinnacle,,,,
2026-05-23T10:12:00,Fluminense-RJ vs Deportivo La Guaira,Copa Libertadores,00:30,1.14,William Hill,9.0,Unibet,25.0,Unibet,,,,
2026-05-23T10:12:00,Peñarol Montevideo vs Independiente Santa Fe,Copa Libertadores,00:30,1.88,Pinnacle,3.4,Unibet,4.7,Unibet,,,,
2026-05-23T10:12:00,Cerro Porteño vs Sporting Cristal,Copa Libertadores,22:00,1.65,William Hill,3.75,Unibet,5.71,Pinnacle,,,,
2026-05-23T10:12:00,Palmeiras-SP vs Junior FC,Copa Libertadores,22:00,1.25,William Hill,5.63,Pinnacle,12.5,Unibet,,,,
2026-05-23T10:12:00,Cruzeiro vs Barcelona SC,Copa Libertadores,00:30,1.25,William Hill,5.53,Pinnacle,12.5,Unibet,1.91,Pinnacle,1.93,Unibet
2026-05-23T10:12:00,Boca Juniors vs Universidad Católica (CHI),Copa Libertadores,00:30,1.43,Pinnacle,4.5,Unibet,9.0,Unibet,,,,
2026-05-23T10:12:00,Sao Paulo vs CA Boston River,Copa Sudamericana,22:00,1.2,William Hill,7.0,Unibet,19.0,Unibet,,,,
2026-05-23T10:12:00,Palestino vs Deportivo Riestra,Copa Sudamericana,22:00,2.28,Unibet,3.12,Pinnacle,3.42,Pinnacle,,,,
2026-05-23T10:12:00,Grêmio vs Montevideo City Torque,Copa Sudamericana,22:00,1.53,Unibet,4.12,Pinnacle,6.25,Unibet,1.92,Unibet,1.89,Pinnacle
2026-05-23T10:12:00,Millonarios vs O'Higgins,Copa Sudamericana,22:00,1.62,William Hill,3.8,Unibet,5.75,Unibet,,,,
2026-05-23T10:12:00,Santos vs C.D. Cuenca,Copa Sudamericana,00:30,1.31,Pinnacle,5.1,Unibet,10.0,Unibet,,,,
2026-05-23T10:12:00,San Lorenzo vs Recoleta FC,Copa Sudamericana,00:30,1.37,Unibet,4.4,Pinnacle,9.5,Unibet,,,,
2026-05-23T10:12:00,Olimpia Asunción vs Audax Italiano,Copa Sudamericana,22:00,1.72,Unibet,3.95,Pinnacle,5.17,Pinnacle,1.89,Unibet,1.99,Pinnacle
2026-05-23T10:12:00,Vasco da Gama vs Barracas Central,Copa Sudamericana,22:00,1.37,Unibet,4.99,Pinnacle,8.0,William Hill,,,,
2026-05-23T10:12:00,Caracas FC vs Botafogo,Copa Sudamericana,22:00,3.34,Pinnacle,3.0,William Hill,2.32,Pinnacle,,,,
2026-05-23T10:12:00,Club Cienciano vs CA Juventud,Copa Sudamericana,22:00,1.7,William Hill,3.76,Pinnacle,4.71,Pinnacle,1.82,Pinnacle,1.97,Pinnacle
2026-05-23T10:12:00,Racing Club vs Club Independiente Petrolero,Copa Sudamericana,22:00,1.07,William Hill,11.95,Pinnacle,29.0,William Hill,,,,
2026-05-23T10:12:00,Clube Atlético Mineiro vs Puerto Cabello,Copa Sudamericana,22:00,1.29,William Hill,5.34,Pinnacle,10.78,Pinnacle,1.91,Pinnacle,1.88,Pinnacle
2026-05-23T10:12:00,River Plate vs Blooming,Copa Sudamericana,00:30,1.07,William Hill,12.23,Pinnacle,29.0,William Hill,,,,
2026-05-23T10:12:00,Bragantino-SP vs Carabobo FC,Copa Sudamericana,00:30,1.33,William Hill,4.78,Pinnacle,10.71,Pinnacle,1.93,Pinnacle,1.86,Pinnacle
2026-05-23T10:12:00,CA Tigre BA vs Alianza Atlético,Copa Sudamericana,00:30,1.32,Pinnacle,4.81,Pinnacle,9.5,William Hill,1.95,Pinnacle,1.85,William Hill
2026-05-23T10:12:00,América de Cali vs Macará,Copa Sudamericana,00:30,1.67,William Hill,3.57,Pinnacle,5.42,Pinnacle,,,,
2026-05-23T10:12:00,Crystal Palace vs Rayo Vallecano,Conference League,19:00,1.92,Pinnacle,3.44,Pinnacle,4.16,Pinnacle,,,,
2026-05-23T10:12:00,Mexico vs South Africa,FIFA World Cup,19:00,1.5,Unibet,4.3,Pinnacle,6.98,Pinnacle,2.05,Pinnacle,1.83,William Hill
2026-05-23T10:12:00,South Korea vs Czech Republic,FIFA World Cup,02:00,2.69,Pinnacle,3.25,William Hill,2.79,Pinnacle,,,,
2026-05-23T10:12:00,Canada vs Bosnia & Herzegovina,FIFA World Cup,19:00,1.8,William Hill,4.0,William Hill,4.6,Unibet,,,,
2026-05-23T10:12:00,USA vs Paraguay,FIFA World Cup,01:00,1.99,Pinnacle,3.57,Pinnacle,3.8,Unibet,,,,
2026-05-23T10:12:00,Qatar vs Switzerland,FIFA World Cup,19:00,10.0,Unibet,5.68,Pinnacle,1.3,Pinnacle,,,,
2026-05-23T10:12:00,Brazil vs Morocco,FIFA World Cup,22:00,1.63,Pinnacle,4.0,William Hill,5.61,Pinnacle,1.99,Pinnacle,2.0,William Hill
2026-05-23T10:12:00,Haiti vs Scotland,FIFA World Cup,01:00,7.5,Unibet,4.9,Pinnacle,1.43,Pinnacle,1.88,Pinnacle,2.0,William Hill
2026-05-23T10:12:00,Australia vs Turkey,FIFA World Cup,04:00,4.43,Pinnacle,3.73,Pinnacle,1.83,William Hill,,,,
2026-05-23T10:12:00,Netherlands vs Japan,FIFA World Cup,20:00,2.02,Unibet,3.7,Pinnacle,3.55,Unibet,1.91,William Hill,1.96,Pinnacle
2026-05-23T10:12:00,Ivory Coast vs Ecuador,FIFA World Cup,23:00,3.74,Pinnacle,3.05,Unibet,2.38,William Hill,,,,
2026-05-23T10:12:00,Sweden vs Tunisia,FIFA World Cup,02:00,1.94,Unibet,3.5,William Hill,4.22,Pinnacle,,,,
2026-05-23T10:12:00,Belgium vs Egypt,FIFA World Cup,19:00,1.68,Unibet,4.0,William Hill,4.95,Pinnacle,1.86,Pinnacle,2.0,William Hill
2026-05-23T10:12:00,Saudi Arabia vs Uruguay,FIFA World Cup,22:00,6.1,Unibet,4.25,Pinnacle,1.55,William Hill,1.96,Pinnacle,1.88,Pinnacle
2026-05-23T10:12:00,Iran vs New Zealand,FIFA World Cup,01:00,1.87,Pinnacle,3.6,Unibet,4.75,Unibet,,,,
2026-05-23T10:12:00,France vs Senegal,FIFA World Cup,19:00,1.45,Pinnacle,4.5,Unibet,7.07,Pinnacle,1.91,Pinnacle,2.1,William Hill
2026-05-23T10:12:00,Iraq vs Norway,FIFA World Cup,22:00,10.0,Unibet,6.17,Pinnacle,1.29,William Hill,,,,
2026-05-23T10:12:00,Argentina vs Algeria,FIFA World Cup,01:00,1.42,Pinnacle,4.5,Unibet,8.5,William Hill,1.93,Pinnacle,1.91,William Hill
2026-05-23T10:12:00,Austria vs Jordan,FIFA World Cup,04:00,1.35,William Hill,5.31,Pinnacle,9.0,Unibet,,,,
2026-05-23T10:12:00,Portugal vs DR Congo,FIFA World Cup,17:00,1.33,William Hill,5.82,Pinnacle,10.25,Pinnacle,,,,
2026-05-23T10:12:00,England vs Croatia,FIFA World Cup,20:00,1.75,Pinnacle,3.78,Pinnacle,4.9,Unibet,,,,
2026-05-23T10:12:00,Ghana vs Panama,FIFA World Cup,23:00,1.96,Unibet,3.89,Pinnacle,3.85,Unibet,,,,
2026-05-23T10:12:00,Uzbekistan vs Colombia,FIFA World Cup,02:00,7.74,Pinnacle,4.5,William Hill,1.43,Pinnacle,1.96,Pinnacle,1.95,Unibet
2026-05-23T10:12:00,Czech Republic vs South Africa,FIFA World Cup,16:00,2.1,Unibet,3.31,Pinnacle,4.06,Pinnacle,,,,
2026-05-23T10:12:00,Switzerland vs Bosnia & Herzegovina,FIFA World Cup,19:00,1.58,Unibet,4.19,Pinnacle,5.8,Unibet,2.02,Pinnacle,1.85,Unibet
2026-05-23T10:12:00,Canada vs Qatar,FIFA World Cup,22:00,1.53,Unibet,4.32,Pinnacle,7.5,Unibet,,,,
2026-05-23T10:12:00,Mexico vs South Korea,FIFA World Cup,01:00,1.85,Unibet,3.63,Pinnacle,4.66,Pinnacle,,,,
2026-05-23T10:12:00,USA vs Australia,FIFA World Cup,19:00,1.76,Unibet,4.0,Pinnacle,5.0,Unibet,,,,
2026-05-23T10:12:00,Scotland vs Morocco,FIFA World Cup,22:00,3.75,Unibet,3.22,Pinnacle,2.13,Pinnacle,,,,
2026-05-23T10:12:00,Turkey vs Paraguay,FIFA World Cup,03:00,2.3,Unibet,3.16,Pinnacle,3.45,Pinnacle,,,,
2026-05-23T10:12:00,Netherlands vs Sweden,FIFA World Cup,17:00,1.72,Unibet,4.03,Pinnacle,4.94,Pinnacle,1.93,Pinnacle,1.95,Unibet
2026-05-23T10:12:00,Germany vs Ivory Coast,FIFA World Cup,20:00,1.56,Pinnacle,4.25,Unibet,6.0,Unibet,1.81,Pinnacle,2.18,Unibet
2026-05-23T10:12:00,Ecuador vs Curaçao,FIFA World Cup,00:00,1.24,Pinnacle,6.25,Unibet,13.0,Unibet,,,,
2026-05-23T10:12:00,Tunisia vs Japan,FIFA World Cup,04:00,4.75,Unibet,3.35,Unibet,1.85,Unibet,,,,
2026-05-23T10:12:00,Belgium vs Iran,FIFA World Cup,19:00,1.45,Unibet,4.51,Pinnacle,7.5,Unibet,1.86,Pinnacle,1.94,Pinnacle
2026-05-23T10:12:00,Uruguay vs Cape Verde,FIFA World Cup,22:00,1.45,Unibet,4.5,Unibet,7.43,Pinnacle,1.91,Pinnacle,1.89,Pinnacle
2026-05-23T10:12:00,New Zealand vs Egypt,FIFA World Cup,01:00,5.0,Unibet,3.8,Pinnacle,1.75,Unibet,,,,
2026-05-23T10:12:00,Argentina vs Austria,FIFA World Cup,17:00,1.69,Pinnacle,3.75,Unibet,5.5,Unibet,1.97,Pinnacle,1.84,Pinnacle
2026-05-23T10:12:00,France vs Iraq,FIFA World Cup,21:00,1.13,Unibet,8.59,Pinnacle,26.0,Unibet,,,,
2026-05-23T10:12:00,Norway vs Senegal,FIFA World Cup,00:00,2.15,Unibet,3.59,Pinnacle,3.6,Unibet,1.93,Pinnacle,1.95,Unibet
2026-05-23T10:12:00,Jordan vs Algeria,FIFA World Cup,03:00,4.75,Pinnacle,3.69,Pinnacle,1.77,Unibet,1.98,Pinnacle,1.85,Unibet
2026-05-23T10:12:00,Portugal vs Uzbekistan,FIFA World Cup,17:00,1.2,Pinnacle,7.0,Unibet,17.0,Unibet,,,,
2026-05-23T10:12:00,England vs Ghana,FIFA World Cup,20:00,1.35,Unibet,5.22,Pinnacle,9.0,Unibet,,,,
2026-05-23T10:12:00,Panama vs Croatia,FIFA World Cup,23:00,6.53,Pinnacle,4.3,Unibet,1.55,Pinnacle,,,,
2026-05-23T10:12:00,Colombia vs DR Congo,FIFA World Cup,02:00,1.55,Unibet,4.15,Pinnacle,6.93,Pinnacle,,,,
2026-05-23T10:12:00,Bolton Wanderers vs Stockport County FC,League One,12:00,2.63,Unibet,3.18,Pinnacle,2.96,Pinnacle,,,,
2026-05-23T10:12:00,Notts County vs Salford City,League Two,14:00,2.69,Pinnacle,3.1,William Hill,2.8,Unibet,,,,
2026-05-23T10:12:00,US Catanzaro 1929 vs Monza,Serie B,18:00,2.83,Pinnacle,3.2,Unibet,2.65,Pinnacle,2.01,Pinnacle,1.85,Pinnacle
2026-05-23T10:12:00,Andorra CF vs AD Ceuta FC,Segunda División,14:15,1.56,Pinnacle,4.61,Pinnacle,6.0,Unibet,,,,
2026-05-23T10:12:00,Albacete vs Real Sociedad B,Segunda División,14:15,1.9,Pinnacle,3.89,Pinnacle,4.0,Unibet,,,,
2026-05-23T10:12:00,Sporting Gijón vs Almería,Segunda División,16:30,4.4,Unibet,4.07,Pinnacle,1.74,Pinnacle,,,,
2026-05-23T10:12:00,Cultural Leonesa vs Burgos CF,Segunda División,16:30,3.02,Pinnacle,3.1,Unibet,2.55,Unibet,,,,
2026-05-23T10:12:00,SD Huesca vs CD Castellón,Segunda División,16:30,4.5,Unibet,4.27,Pinnacle,1.75,Unibet,,,,
2026-05-23T10:12:00,CD Mirandés vs Granada CF,Segunda División,16:30,1.51,Unibet,4.37,Pinnacle,6.82,Pinnacle,,,,
2026-05-23T10:12:00,Cádiz CF vs Leganés,Segunda División,16:30,2.37,Pinnacle,3.35,Unibet,3.15,Unibet,1.93,Pinnacle,1.91,Pinnacle
2026-05-23T10:12:00,SD Eibar vs Córdoba,Segunda División,16:30,1.75,Unibet,4.16,Pinnacle,4.7,Pinnacle,,,,
2026-05-23T10:12:00,Real Valladolid CF vs Deportivo La Coruña,Segunda División,16:30,5.2,Unibet,3.78,Pinnacle,1.71,Pinnacle,1.88,Pinnacle,1.95,Pinnacle
2026-05-23T10:12:00,Las Palmas vs Zaragoza,Segunda División,16:30,1.44,Unibet,4.6,Pinnacle,8.51,Pinnacle,,,,
2026-05-23T10:12:00,Málaga vs Real Racing Club de Santander,Segunda División,16:30,1.64,Unibet,4.43,Pinnacle,4.64,Pinnacle,,,,
2026-05-23T10:12:00,Rapid Wien vs Ried,Austria Bundesliga,15:00,2.17,Pinnacle,3.4,Pinnacle,3.38,Pinnacle,2.0,Pinnacle,1.84,Pinnacle
2026-05-23T10:12:00,Dender vs Lommel SK,Belgian First Div,16:15,2.19,Pinnacle,3.53,Pinnacle,3.22,Pinnacle,,,,
2026-05-23T10:12:00,Standard Liege vs Charleroi,Belgian First Div,18:45,2.05,Pinnacle,3.55,Pinnacle,3.54,Pinnacle,1.95,Pinnacle,1.9,Unibet
2026-05-23T10:12:00,Leuven vs Genk,Belgian First Div,18:45,4.17,Pinnacle,4.26,Pinnacle,1.75,Unibet,,,,
2026-05-23T10:12:00,Royal Antwerp vs Westerlo,Belgian First Div,18:45,2.11,Pinnacle,3.92,Pinnacle,3.1,Pinnacle,,,,
2026-05-23T10:12:00,Union Saint-Gilloise vs Anderlecht,Belgian First Div,16:30,1.55,William Hill,4.17,Pinnacle,5.6,Unibet,1.8,Pinnacle,2.05,William Hill
2026-05-23T10:12:00,Club Brugge vs Gent,Belgian First Div,16:30,1.67,William Hill,4.62,Pinnacle,4.0,William Hill,,,,
2026-05-23T10:12:00,Sint Truiden vs KV Mechelen,Belgian First Div,16:30,1.79,Pinnacle,4.3,Pinnacle,3.75,Unibet,,,,
2026-05-23T10:12:00,Sao Paulo vs Botafogo,Brasileirao,20:00,1.77,Unibet,3.86,Pinnacle,4.79,Pinnacle,1.88,Unibet,2.03,Pinnacle
2026-05-23T10:12:00,Vitoria vs Internacional,Brasileirao,20:00,3.04,Pinnacle,3.2,Unibet,2.56,Pinnacle,,,,
2026-05-23T10:12:00,Mirassol vs Fluminense,Brasileirao,22:00,2.47,Pinnacle,3.14,Pinnacle,3.23,Pinnacle,,,,
2026-05-23T10:12:00,Grêmio vs Santos,Brasileirao,22:00,2.27,Pinnacle,3.32,Pinnacle,3.5,Unibet,,,,
2026-05-23T10:12:00,Flamengo vs Palmeiras,Brasileirao,00:00,1.81,Pinnacle,3.45,Unibet,5.37,Pinnacle,,,,
2026-05-23T10:12:00,Remo vs Atletico Paranaense,Brasileirao,19:00,2.69,Pinnacle,3.35,Unibet,2.74,Pinnacle,,,,
2026-05-23T10:12:00,Cruzeiro vs Chapecoense,Brasileirao,19:00,1.36,Pinnacle,5.02,Pinnacle,9.0,Unibet,,,,
2026-05-23T10:12:00,Corinthians vs Atletico Mineiro,Brasileirao,21:30,1.8,Pinnacle,3.34,Pinnacle,5.1,Pinnacle,,,,
2026-05-23T10:12:00,Vasco da Gama vs Bragantino-SP,Brasileirao,23:30,2.02,Pinnacle,3.4,Unibet,3.89,Pinnacle,,,,
2026-05-23T10:12:00,Coritiba vs Bahia,Brasileirao,23:00,2.7,Unibet,3.27,Pinnacle,2.71,Pinnacle,2.07,Unibet,1.81,Pinnacle
2026-05-23T10:12:00,Grêmio Novorizontino vs Ceará,Brasileirao B,19:00,2.06,Unibet,3.2,Unibet,4.2,Pinnacle,,,,
2026-05-23T10:12:00,Fortaleza vs Londrina,Brasileirao B,21:30,1.57,William Hill,4.0,Unibet,7.0,Unibet,,,,
2026-05-23T10:12:00,Juventude vs Sport Recife,Brasileirao B,23:30,2.25,Pinnacle,3.2,Unibet,3.59,Pinnacle,,,,
2026-05-23T10:12:00,Atletico Goianiense vs São Bernardo,Brasileirao B,19:00,1.88,Unibet,3.3,Unibet,4.72,Pinnacle,,,,
2026-05-23T10:12:00,Clube de Regatas Brasil vs Ponte Preta,Brasileirao B,19:30,1.52,Unibet,4.14,Pinnacle,6.8,Pinnacle,1.98,Pinnacle,1.88,Unibet
2026-05-23T10:12:00,América Mineiro vs Vila Nova,Brasileirao B,21:30,2.18,Pinnacle,3.28,Pinnacle,3.5,Unibet,,,,
2026-05-23T10:12:00,Avai vs Goiás,Brasileirao B,22:00,2.42,Pinnacle,3.25,Unibet,3.2,Unibet,,,,
2026-05-23T10:12:00,Operario PR vs Criciuma,Brasileirao B,23:30,2.27,Pinnacle,3.15,Unibet,3.49,Pinnacle,,,,
2026-05-23T10:12:00,Botafogo vs Athletic Club (MG),Brasileirao B,22:00,2.08,Unibet,3.16,Pinnacle,4.0,Unibet,,,,
2026-05-23T10:12:00,River Plate vs Belgrano de Cordoba,Liga Profesional,18:30,2.05,Pinnacle,3.05,Unibet,4.7,Unibet,,,,
2026-05-23T10:12:00,Pumas vs Cruz Azul,Liga MX,01:00,2.86,Pinnacle,3.3,Pinnacle,2.53,Pinnacle,1.96,Pinnacle,1.98,Unibet
2026-05-23T10:12:00,St. Louis City SC vs Austin FC,MLS,18:45,1.69,Pinnacle,4.21,Pinnacle,4.84,Pinnacle,,,,
2026-05-23T10:12:00,Minnesota United FC vs Real Salt Lake,MLS,20:30,2.18,Pinnacle,3.7,Unibet,3.37,Pinnacle,,,,
2026-05-23T10:12:00,D.C. United vs CF Montreal,MLS,23:30,2.04,Pinnacle,3.83,Pinnacle,3.8,Unibet,,,,
2026-05-23T10:12:00,Charlotte FC vs New England Revolution,MLS,23:30,1.85,Pinnacle,3.98,Pinnacle,4.09,Pinnacle,,,,
2026-05-23T10:12:00,FC Cincinnati vs Orlando City SC,MLS,23:30,1.71,Pinnacle,4.68,Pinnacle,4.4,Unibet,,,,
2026-05-23T10:12:00,Chicago Fire vs Toronto FC,MLS,00:30,1.49,Pinnacle,4.93,Pinnacle,6.04,Pinnacle,,,,
2026-05-23T10:12:00,Nashville SC vs New York City FC,MLS,00:30,1.75,Pinnacle,3.94,Pinnacle,4.75,Pinnacle,1.86,Pinnacle,2.05,Unibet
2026-05-23T10:12:00,Sporting Kansas City vs New York Red Bulls,MLS,00:30,3.08,Pinnacle,4.11,Pinnacle,2.14,Pinnacle,,,,
2026-05-23T10:12:00,Colorado Rapids vs FC Dallas,MLS,01:30,2.37,Pinnacle,3.86,Pinnacle,2.84,Pinnacle,,,,
2026-05-23T10:12:00,Portland Timbers vs San Jose Earthquakes,MLS,01:30,2.47,Pinnacle,4.0,Pinnacle,2.64,Pinnacle,,,,
2026-05-23T10:12:00,San Diego FC vs Vancouver Whitecaps FC,MLS,01:30,3.51,Pinnacle,4.11,Pinnacle,1.97,Pinnacle,,,,
2026-05-23T10:12:00,LA Galaxy vs Houston Dynamo,MLS,02:30,2.16,Pinnacle,3.7,Unibet,3.37,Pinnacle,,,,
2026-05-23T10:12:00,Columbus Crew SC vs Atlanta United FC,MLS,21:00,1.52,Pinnacle,4.53,Pinnacle,6.0,Unibet,,,,
2026-05-23T10:12:00,Inter Miami CF vs Philadelphia Union,MLS,23:00,1.45,Pinnacle,5.29,Pinnacle,6.5,Unibet,,,,
2026-05-23T10:12:00,Los Angeles FC vs Seattle Sounders FC,MLS,01:15,1.91,William Hill,3.83,Pinnacle,3.75,Unibet,,,,
2026-05-23T10:12:00,Audax Italiano vs Cobresal,Campeonato Chileno,16:30,1.83,Unibet,3.92,Pinnacle,4.47,Pinnacle,,,,
2026-05-23T10:12:00,Ñublense vs Universidad de Concepción,Campeonato Chileno,19:00,1.7,Unibet,3.93,Pinnacle,5.32,Pinnacle,2.02,Pinnacle,1.85,Pinnacle
2026-05-23T10:12:00,Union La Calera vs Palestino,Campeonato Chileno,00:00,2.7,Unibet,3.52,Pinnacle,2.71,Pinnacle,1.98,Pinnacle,1.89,Pinnacle
2026-05-23T10:12:00,Deportes Concepción vs Huachipato,Campeonato Chileno,16:30,2.18,Unibet,3.29,Pinnacle,3.51,Pinnacle,,,,
2026-05-23T10:12:00,La Serena vs Deportes Limache,Campeonato Chileno,19:00,2.48,Pinnacle,3.45,Pinnacle,2.76,Pinnacle,,,,
2026-05-23T10:12:00,Universidad Católica (CHI) vs Colo Colo,Campeonato Chileno,22:00,2.56,Pinnacle,3.2,Unibet,2.85,Pinnacle,,,,
2026-05-23T10:12:00,Fagiano Okayama vs Cerezo Osaka,J-League,03:55,2.82,Pinnacle,3.37,Pinnacle,2.55,Pinnacle,1.94,Pinnacle,1.91,Pinnacle
2026-05-23T10:12:00,Mito HollyHock vs Kawasaki Frontale,J-League,05:00,3.17,Pinnacle,3.4,Pinnacle,2.3,Pinnacle,1.88,Pinnacle,1.97,Pinnacle
2026-05-23T10:12:00,Tokyo Verdy vs Yokohama F Marinos,J-League,05:00,2.71,Pinnacle,3.07,Pinnacle,2.86,Pinnacle,,,,
2026-05-23T10:12:00,Shimizu S Pulse vs Gamba Osaka,J-League,08:00,2.9,Pinnacle,3.34,Pinnacle,2.49,Pinnacle,1.97,Pinnacle,1.88,Pinnacle
2026-05-23T10:12:00,Qingdao Hainiu FC vs Chongqing Tonglianglong FC,Super Liga China,09:00,2.47,Pinnacle,3.22,Pinnacle,3.04,Pinnacle,,,,
2026-05-23T10:12:00,Yunnan Yukun vs Qingdao West Coast FC,Super Liga China,11:00,1.87,Pinnacle,3.83,Pinnacle,3.96,Pinnacle,,,,
2026-05-23T10:12:00,Zhejiang vs Liaoning Tieren FC,Super Liga China,11:35,1.71,Unibet,4.38,Pinnacle,4.31,Pinnacle,,,,
2026-05-23T10:12:00,Shandong Luneng Taishan FC vs Wuhan Three Towns,Super Liga China,11:35,1.34,Unibet,5.67,Pinnacle,8.41,Pinnacle,,,,
2026-05-23T10:12:00,Shanghai Shenhua FC vs Shenzhen Peng City FC,Super Liga China,12:00,1.68,Unibet,4.4,Pinnacle,4.57,Pinnacle,,,,
2026-05-23T10:12:00,Bodø/Glimt vs SK Brann,Eliteserien,14:00,1.36,Unibet,6.18,Pinnacle,7.9,Pinnacle,,,,
2026-05-23T10:12:00,Kristiansund BK vs Viking FK,Eliteserien,16:00,6.25,Unibet,4.99,Pinnacle,1.49,Pinnacle,,,,
2026-05-23T10:12:00,IK Start vs Vålerenga,Eliteserien,12:30,2.96,Pinnacle,3.86,Pinnacle,2.23,Unibet,,,,
2026-05-23T10:12:00,Tromso vs Aalesund,Eliteserien,15:00,1.45,Pinnacle,4.81,Pinnacle,6.75,Unibet,,,,
2026-05-23T10:12:00,HamKam vs Lillestrom,Eliteserien,15:00,2.95,Unibet,3.63,Pinnacle,2.32,Pinnacle,,,,
2026-05-23T10:12:00,KFUM vs Rosenborg,Eliteserien,15:00,2.33,Unibet,3.63,Pinnacle,2.96,Pinnacle,,,,
2026-05-23T10:12:00,Sarpsborg FK vs Molde,Eliteserien,15:00,2.61,Pinnacle,3.92,Pinnacle,2.48,Unibet,,,,
2026-05-23T10:12:00,Sandefjord vs Fredrikstad FK,Eliteserien,17:15,1.85,Pinnacle,4.05,Pinnacle,3.79,Pinnacle,,,,
2026-05-23T10:12:00,Hammarby IF vs AIK,Allsvenskan,12:00,1.46,Pinnacle,4.76,Pinnacle,6.5,Unibet,,,,
2026-05-23T10:12:00,IK Sirius vs GAIS,Allsvenskan,12:00,1.75,William Hill,3.94,Pinnacle,4.7,Unibet,,,,
2026-05-23T10:12:00,Malmo FF vs Västerås SK,Allsvenskan,14:30,1.64,Pinnacle,4.11,Pinnacle,5.1,Pinnacle,,,,
2026-05-23T10:12:00,IF Elfsborg vs BK Hacken,Allsvenskan,17:00,2.86,Pinnacle,3.35,Unibet,2.44,Pinnacle,1.84,Pinnacle,2.0,Unibet
2026-05-23T10:12:00,IFK Goteborg vs Mjällby AIF,Allsvenskan,17:00,2.98,Pinnacle,3.2,Unibet,2.6,Pinnacle,2.0,William Hill,1.82,Pinnacle
2026-05-23T10:12:00,Varbergs BoIS vs GIF Sundsvall,Superettan,13:00,1.62,Unibet,3.88,Pinnacle,6.16,Pinnacle,,,,
2026-05-23T10:12:00,Sandvikens IF vs Landskrona BoIS,Superettan,15:00,2.6,Pinnacle,3.49,Pinnacle,2.7,Unibet,1.81,Pinnacle,2.14,Unibet
2026-05-23T10:12:00,IFK Norrkoping vs Östers IF,Superettan,17:05,1.62,William Hill,4.38,Pinnacle,4.7,Unibet,,,,
2026-05-23T10:12:00,Örebro SK vs Helsingborgs IF,Superettan,17:00,2.27,Pinnacle,3.39,Pinnacle,3.07,Pinnacle,1.83,Pinnacle,1.96,Pinnacle
2026-05-23T10:12:00,Raków Częstochowa vs Arka Gdynia,Ekstraklasa,15:30,1.26,Unibet,6.14,Pinnacle,10.5,Unibet,,,,
2026-05-23T10:12:00,Cracovia Kraków vs Korona Kielce,Ekstraklasa,15:30,2.14,Unibet,2.95,Unibet,4.51,Pinnacle,,,,
2026-05-23T10:12:00,Pogoń Szczecin vs GKS Katowice,Ekstraklasa,15:30,2.67,Pinnacle,3.91,Pinnacle,2.6,Unibet,,,,
2026-05-23T10:12:00,Górnik Zabrze vs Radomiak Radom,Ekstraklasa,15:30,1.45,Unibet,5.0,Pinnacle,6.76,Pinnacle,,,,
2026-05-23T10:12:00,Jagiellonia Białystok vs Zagłębie Lubin,Ekstraklasa,15:30,1.49,Unibet,4.79,Pinnacle,6.33,Pinnacle,,,,
2026-05-23T10:12:00,Lech Poznań vs Wisła Płock,Ekstraklasa,15:30,1.34,Pinnacle,5.78,Pinnacle,9.0,Unibet,,,,
2026-05-23T10:12:00,Nieciecza vs Lechia Gdańsk,Ekstraklasa,15:30,4.02,Pinnacle,4.67,Pinnacle,1.75,Unibet,,,,
2026-05-23T10:12:00,Legia Warszawa vs Motor Lublin,Ekstraklasa,15:30,1.53,Unibet,4.8,Pinnacle,5.75,Unibet,,,,
2026-05-23T10:12:00,Widzew Łódź vs Piast Gliwice,Ekstraklasa,15:30,2.4,Unibet,3.44,Pinnacle,3.0,Unibet,2.14,Unibet,1.8,Pinnacle
2026-05-23T10:12:00,Derry City vs Shelbourne Dublin,League of Ireland,18:45,2.47,Pinnacle,3.31,Pinnacle,2.88,Unibet,,,,
2026-05-23T10:12:00,Bohemians vs Shamrock Rovers,League of Ireland,19:00,2.5,Pinnacle,3.35,Pinnacle,3.1,Unibet,,,,
2026-05-23T10:12:00,Drogheda United vs Waterford FC,League of Ireland,18:45,1.84,Pinnacle,4.05,Pinnacle,3.95,Unibet,,,,
2026-05-23T10:12:00,Cleveland Cavaliers vs New York Knicks,NBA,00:10,,,,,,,,,,
2026-05-23T10:12:00,San Antonio Spurs vs Oklahoma City Thunder,NBA,00:10,,,,,,,,,,
2026-05-23T10:12:00,Cincinnati Reds vs St. Louis Cardinals,MLB,17:11,,,,,,,,,,
2026-05-23T10:12:00,Chicago Cubs vs Houston Astros,MLB,18:21,,,,,,,,,,
2026-05-23T10:12:00,Toronto Blue Jays vs Pittsburgh Pirates,MLB,19:08,,,,,,,,,,
2026-05-23T10:12:00,Baltimore Orioles vs Detroit Tigers,MLB,20:06,,,,,,,,,,
2026-05-23T10:12:00,San Francisco Giants vs Chicago White Sox,MLB,20:06,,,,,,,,,,
2026-05-23T10:12:00,Philadelphia Phillies vs Cleveland Guardians,MLB,20:06,,,,,,,,,,
2026-05-23T10:12:00,Atlanta Braves vs Washington Nationals,MLB,20:11,,,,,,,,,,
2026-05-23T10:12:00,Boston Red Sox vs Minnesota Twins,MLB,20:11,,,,,,,,,,
2026-05-23T10:12:00,Kansas City Royals vs Seattle Mariners,MLB,20:11,,,,,,,,,,
2026-05-23T10:12:00,Miami Marlins vs New York Mets,MLB,20:11,,,,,,,,,,
2026-05-23T10:12:00,Cincinnati Reds vs St. Louis Cardinals,MLB,23:16,,,,,,,,,,
2026-05-23T10:12:00,Milwaukee Brewers vs Los Angeles Dodgers,MLB,23:16,,,,,,,,,,
2026-05-23T10:12:00,San Diego Padres vs Athletics,MLB,01:41,,,,,,,,,,
2026-05-23T10:12:00,Los Angeles Angels vs Texas Rangers,MLB,02:06,,,,,,,,,,
2026-05-23T10:12:00,Arizona Diamondbacks vs Colorado Rockies,MLB,02:11,,,,,,,,,,
2026-05-23T10:12:00,Carolina Hurricanes vs Montréal Canadiens,NHL,23:20,,,,,,,,,,
2026-05-23T10:12:00,Vegas Golden Knights vs Colorado Avalanche,NHL,00:00,,,,,,,,,,
2026-05-23T10:26:09,Crystal Palace vs Arsenal,Premier League,15:00,4.28,Pinnacle,4.05,Pinnacle,1.8,Pinnacle,,,,
2026-05-23T10:26:09,Manchester City vs Aston Villa,Premier League,15:00,1.28,Pinnacle,6.54,Pinnacle,9.26,Pinnacle,,,,
2026-05-23T10:26:09,Nottingham Forest vs Bournemouth,Premier League,15:00,3.43,Pinnacle,3.89,Pinnacle,2.06,Pinnacle,,,,
2026-05-23T10:26:09,Liverpool vs Brentford,Premier League,15:00,1.83,Pinnacle,4.34,Pinnacle,3.9,Unibet,,,,
2026-05-23T10:26:09,Brighton and Hove Albion vs Manchester United,Premier League,15:00,1.83,William Hill,4.31,Pinnacle,3.89,Pinnacle,,,,
2026-05-23T10:26:09,Burnley vs Wolverhampton Wanderers,Premier League,15:00,2.33,Pinnacle,3.72,Pinnacle,2.98,Pinnacle,,,,
2026-05-23T10:26:09,Sunderland vs Chelsea,Premier League,15:00,3.53,Pinnacle,3.84,Pinnacle,2.04,Pinnacle,,,,
2026-05-23T10:26:09,Tottenham Hotspur vs Everton,Premier League,15:00,1.91,Pinnacle,3.55,Unibet,4.34,Pinnacle,,,,
2026-05-23T10:26:09,Fulham vs Newcastle United,Premier League,15:00,2.89,Pinnacle,3.78,Pinnacle,2.36,Pinnacle,,,,
2026-05-23T10:26:09,West Ham United vs Leeds United,Premier League,15:00,1.78,Pinnacle,4.25,Pinnacle,4.2,Pinnacle,,,,
2026-05-23T10:26:09,Alavés vs Rayo Vallecano,La Liga,19:00,2.56,Pinnacle,3.34,Pinnacle,2.96,Pinnacle,2.07,Pinnacle,1.85,Pinnacle
2026-05-23T10:26:09,Real Madrid vs Athletic Bilbao,La Liga,19:00,1.53,Pinnacle,4.8,Pinnacle,5.72,Pinnacle,,,,
2026-05-23T10:26:09,Valencia vs Barcelona,La Liga,19:00,3.39,Pinnacle,4.09,Pinnacle,2.04,Pinnacle,,,,
2026-05-23T10:26:09,Getafe vs CA Osasuna,La Liga,19:00,2.8,Pinnacle,2.77,Pinnacle,3.23,Pinnacle,,,,
2026-05-23T10:26:09,Celta Vigo vs Sevilla,La Liga,19:00,2.01,Pinnacle,3.48,Pinnacle,4.09,Pinnacle,2.06,Pinnacle,1.85,Pinnacle
2026-05-23T10:26:09,Girona vs Elche CF,La Liga,19:00,1.85,Pinnacle,3.83,Pinnacle,4.32,Pinnacle,,,,
2026-05-23T10:26:09,Espanyol vs Real Sociedad,La Liga,19:00,2.21,Pinnacle,3.67,Pinnacle,3.31,Pinnacle,,,,
2026-05-23T10:26:09,Real Betis vs Levante,La Liga,19:00,2.42,Pinnacle,3.6,William Hill,3.01,Pinnacle,,,,
2026-05-23T10:26:09,Mallorca vs Oviedo,La Liga,19:00,1.48,Pinnacle,4.53,Pinnacle,7.19,Pinnacle,1.94,Pinnacle,1.96,Pinnacle
2026-05-23T10:26:09,Villarreal vs Atlético Madrid,La Liga,19:00,2.48,Pinnacle,3.73,Pinnacle,2.77,Pinnacle,,,,
2026-05-23T10:26:09,SC Paderborn vs VfL Wolfsburg,Bundesliga,18:30,3.41,Pinnacle,3.66,Pinnacle,2.06,Pinnacle,1.85,Pinnacle,1.98,Pinnacle
2026-05-23T10:26:09,Bologna vs Inter Milan,Serie A,16:00,3.53,Pinnacle,3.65,Pinnacle,2.12,Pinnacle,,,,
2026-05-23T10:26:09,Lazio vs Pisa,Serie A,18:45,1.75,Pinnacle,3.88,Pinnacle,4.91,Pinnacle,1.99,Pinnacle,1.92,Pinnacle
2026-05-23T10:26:09,Parma vs Sassuolo,Serie A,13:00,2.74,Pinnacle,3.41,Pinnacle,2.67,Pinnacle,1.92,Pinnacle,1.97,Pinnacle
2026-05-23T10:26:09,Napoli vs Udinese,Serie A,16:00,1.5,Pinnacle,4.39,Pinnacle,6.89,Pinnacle,1.91,William Hill,1.99,Pinnacle
2026-05-23T10:26:09,AC Milan vs Cagliari,Serie A,18:45,1.3,William Hill,5.76,Pinnacle,12.39,Pinnacle,,,,
2026-05-23T10:26:09,Hellas Verona vs AS Roma,Serie A,18:45,11.48,Pinnacle,5.75,Pinnacle,1.3,William Hill,,,,
2026-05-23T10:26:09,Cremonese vs Como,Serie A,18:45,5.61,Pinnacle,4.42,Pinnacle,1.6,William Hill,,,,
2026-05-23T10:26:09,Lecce vs Genoa,Serie A,18:45,1.77,Pinnacle,3.63,Pinnacle,5.11,Pinnacle,,,,
2026-05-23T10:26:09,Torino vs Juventus,Serie A,18:45,7.47,Pinnacle,4.59,Pinnacle,1.46,Pinnacle,,,,
2026-05-23T10:26:09,Bolton Wanderers vs Stockport County FC,League One,12:00,2.63,Unibet,3.18,Pinnacle,2.96,Pinnacle,,,,
2026-05-23T10:26:09,Notts County vs Salford City,League Two,14:00,2.69,Pinnacle,3.1,William Hill,2.8,Unibet,,,,
2026-05-23T10:26:09,US Catanzaro 1929 vs Monza,Serie B,18:00,2.83,Pinnacle,3.2,Unibet,2.65,Pinnacle,2.01,Pinnacle,1.85,Pinnacle
2026-05-23T10:26:09,Andorra CF vs AD Ceuta FC,Segunda División,14:15,1.56,Pinnacle,4.61,Pinnacle,6.0,Unibet,,,,
2026-05-23T10:26:09,Albacete vs Real Sociedad B,Segunda División,14:15,1.9,Pinnacle,3.89,Pinnacle,4.0,Unibet,,,,
2026-05-23T10:26:09,Sporting Gijón vs Almería,Segunda División,16:30,4.4,Unibet,4.07,Pinnacle,1.74,Pinnacle,,,,
2026-05-23T10:26:09,Cultural Leonesa vs Burgos CF,Segunda División,16:30,3.02,Pinnacle,3.1,Unibet,2.55,Unibet,,,,
2026-05-23T10:26:09,SD Huesca vs CD Castellón,Segunda División,16:30,4.5,Unibet,4.27,Pinnacle,1.75,Unibet,,,,
2026-05-23T10:26:09,CD Mirandés vs Granada CF,Segunda División,16:30,1.51,Unibet,4.37,Pinnacle,6.82,Pinnacle,,,,
2026-05-23T10:26:09,Cádiz CF vs Leganés,Segunda División,16:30,2.37,Pinnacle,3.35,Unibet,3.15,Unibet,1.93,Pinnacle,1.91,Pinnacle
2026-05-23T10:26:09,SD Eibar vs Córdoba,Segunda División,16:30,1.75,Unibet,4.16,Pinnacle,4.7,Pinnacle,,,,
2026-05-23T10:26:09,Real Valladolid CF vs Deportivo La Coruña,Segunda División,16:30,5.2,Unibet,3.78,Pinnacle,1.71,Pinnacle,1.88,Pinnacle,1.95,Pinnacle
2026-05-23T10:26:09,Las Palmas vs Zaragoza,Segunda División,16:30,1.44,Unibet,4.6,Pinnacle,8.51,Pinnacle,,,,
2026-05-23T10:26:09,Málaga vs Real Racing Club de Santander,Segunda División,16:30,1.64,Unibet,4.43,Pinnacle,4.64,Pinnacle,,,,
2026-05-23T10:26:09,Rapid Wien vs Ried,Austria Bundesliga,15:00,2.17,Pinnacle,3.4,Pinnacle,3.38,Pinnacle,2.0,Pinnacle,1.84,Pinnacle
2026-05-23T10:26:09,Dender vs Lommel SK,Belgian First Div,16:15,2.19,Pinnacle,3.53,Pinnacle,3.22,Pinnacle,,,,
2026-05-23T10:26:09,Standard Liege vs Charleroi,Belgian First Div,18:45,2.05,Pinnacle,3.55,Pinnacle,3.54,Pinnacle,1.95,Pinnacle,1.9,Unibet
2026-05-23T10:26:09,Leuven vs Genk,Belgian First Div,18:45,4.17,Pinnacle,4.26,Pinnacle,1.75,Unibet,,,,
2026-05-23T10:26:09,Royal Antwerp vs Westerlo,Belgian First Div,18:45,2.12,Pinnacle,3.92,Pinnacle,3.09,Pinnacle,,,,
2026-05-23T10:26:09,Union Saint-Gilloise vs Anderlecht,Belgian First Div,16:30,1.55,William Hill,4.17,Pinnacle,5.6,Unibet,1.8,Pinnacle,2.05,William Hill
2026-05-23T10:26:09,Club Brugge vs Gent,Belgian First Div,16:30,1.67,William Hill,4.62,Pinnacle,4.0,William Hill,,,,
2026-05-23T10:26:09,Sint Truiden vs KV Mechelen,Belgian First Div,16:30,1.79,Pinnacle,4.3,Pinnacle,3.75,Unibet,,,,
2026-05-23T10:26:09,Sao Paulo vs Botafogo,Brasileirao,20:00,1.77,Unibet,3.86,Pinnacle,4.79,Pinnacle,1.88,Unibet,2.03,Pinnacle
2026-05-23T10:26:09,Vitoria vs Internacional,Brasileirao,20:00,3.03,Pinnacle,3.2,Unibet,2.57,Pinnacle,,,,
2026-05-23T10:26:09,Mirassol vs Fluminense,Brasileirao,22:00,2.44,Pinnacle,3.15,Pinnacle,3.27,Pinnacle,,,,
2026-05-23T10:26:09,Grêmio vs Santos,Brasileirao,22:00,2.27,Pinnacle,3.32,Pinnacle,3.5,Unibet,,,,
2026-05-23T10:26:09,Flamengo vs Palmeiras,Brasileirao,00:00,1.81,Pinnacle,3.45,Unibet,5.37,Pinnacle,,,,
2026-05-23T10:26:09,Remo vs Atletico Paranaense,Brasileirao,19:00,2.69,Pinnacle,3.35,Unibet,2.74,Pinnacle,,,,
2026-05-23T10:26:09,Cruzeiro vs Chapecoense,Brasileirao,19:00,1.36,Pinnacle,5.02,Pinnacle,9.0,Unibet,,,,
2026-05-23T10:26:09,Corinthians vs Atletico Mineiro,Brasileirao,21:30,1.8,Pinnacle,3.34,Pinnacle,5.1,Pinnacle,,,,
2026-05-23T10:26:09,Vasco da Gama vs Bragantino-SP,Brasileirao,23:30,2.02,Pinnacle,3.4,Unibet,3.89,Pinnacle,,,,
2026-05-23T10:26:09,Coritiba vs Bahia,Brasileirao,23:00,2.7,Unibet,3.27,Pinnacle,2.71,Pinnacle,2.07,Unibet,1.81,Pinnacle
2026-05-23T10:26:09,Grêmio Novorizontino vs Ceará,Brasileirao B,19:00,2.06,Unibet,3.2,Unibet,4.2,Pinnacle,,,,
2026-05-23T10:26:09,Fortaleza vs Londrina,Brasileirao B,21:30,1.57,William Hill,4.0,Unibet,7.0,Unibet,,,,
2026-05-23T10:26:09,Juventude vs Sport Recife,Brasileirao B,23:30,2.27,Pinnacle,3.2,Unibet,3.57,Pinnacle,,,,
2026-05-23T10:26:09,Atletico Goianiense vs São Bernardo,Brasileirao B,19:00,1.88,Unibet,3.3,Unibet,4.72,Pinnacle,,,,
2026-05-23T10:26:09,Clube de Regatas Brasil vs Ponte Preta,Brasileirao B,19:30,1.52,Unibet,4.14,Pinnacle,6.8,Pinnacle,1.98,Pinnacle,1.88,Unibet
2026-05-23T10:26:09,América Mineiro vs Vila Nova,Brasileirao B,21:30,2.18,Pinnacle,3.28,Pinnacle,3.5,Unibet,,,,
2026-05-23T10:26:09,Avai vs Goiás,Brasileirao B,22:00,2.42,Pinnacle,3.25,Unibet,3.2,Unibet,,,,
2026-05-23T10:26:09,Operario PR vs Criciuma,Brasileirao B,23:30,2.27,Pinnacle,3.15,Unibet,3.49,Pinnacle,,,,
2026-05-23T10:26:09,Botafogo vs Athletic Club (MG),Brasileirao B,22:00,2.08,Unibet,3.16,Pinnacle,4.0,Unibet,,,,
2026-05-23T10:26:09,River Plate vs Belgrano de Cordoba,Liga Profesional,18:30,2.05,Pinnacle,3.05,Unibet,4.7,Unibet,,,,
2026-05-23T10:26:09,Pumas vs Cruz Azul,Liga MX,01:00,2.86,Pinnacle,3.3,Pinnacle,2.53,Pinnacle,1.96,Pinnacle,1.98,Unibet
2026-05-23T10:26:09,St. Louis City SC vs Austin FC,MLS,18:45,1.69,Pinnacle,4.21,Pinnacle,4.84,Pinnacle,,,,
2026-05-23T10:26:09,Minnesota United FC vs Real Salt Lake,MLS,20:30,2.18,Pinnacle,3.7,Unibet,3.37,Pinnacle,,,,
2026-05-23T10:26:09,D.C. United vs CF Montreal,MLS,23:30,2.04,Pinnacle,3.83,Pinnacle,3.8,Unibet,,,,
2026-05-23T10:26:09,Charlotte FC vs New England Revolution,MLS,23:30,1.85,Pinnacle,3.98,Pinnacle,4.09,Pinnacle,,,,
2026-05-23T10:26:09,FC Cincinnati vs Orlando City SC,MLS,23:30,1.71,Pinnacle,4.68,Pinnacle,4.4,Unibet,,,,
2026-05-23T10:26:09,Chicago Fire vs Toronto FC,MLS,00:30,1.49,Pinnacle,4.93,Pinnacle,6.04,Pinnacle,,,,
2026-05-23T10:26:09,Nashville SC vs New York City FC,MLS,00:30,1.75,Pinnacle,3.94,Pinnacle,4.75,Pinnacle,1.86,Pinnacle,2.05,Unibet
2026-05-23T10:26:09,Sporting Kansas City vs New York Red Bulls,MLS,00:30,3.08,Pinnacle,4.11,Pinnacle,2.14,Pinnacle,,,,
2026-05-23T10:26:09,Colorado Rapids vs FC Dallas,MLS,01:30,2.37,Pinnacle,3.85,Pinnacle,2.84,Pinnacle,,,,
2026-05-23T10:26:09,Portland Timbers vs San Jose Earthquakes,MLS,01:30,2.52,Pinnacle,4.0,Pinnacle,2.58,Pinnacle,,,,
2026-05-23T10:26:09,San Diego FC vs Vancouver Whitecaps FC,MLS,01:30,3.51,Pinnacle,4.11,Pinnacle,1.97,Pinnacle,,,,
2026-05-23T10:26:09,LA Galaxy vs Houston Dynamo,MLS,02:30,2.16,Pinnacle,3.7,Unibet,3.37,Pinnacle,,,,
2026-05-23T10:26:09,Columbus Crew SC vs Atlanta United FC,MLS,21:00,1.52,Pinnacle,4.53,Pinnacle,6.0,Unibet,,,,
2026-05-23T10:26:09,Inter Miami CF vs Philadelphia Union,MLS,23:00,1.45,Pinnacle,5.29,Pinnacle,6.5,Unibet,,,,
2026-05-23T10:26:09,Los Angeles FC vs Seattle Sounders FC,MLS,01:15,1.91,William Hill,3.83,Pinnacle,3.75,Unibet,,,,
2026-05-23T10:26:09,Audax Italiano vs Cobresal,Campeonato Chileno,16:30,1.83,Unibet,3.92,Pinnacle,4.47,Pinnacle,,,,
2026-05-23T10:26:09,Ñublense vs Universidad de Concepción,Campeonato Chileno,19:00,1.7,Unibet,3.93,Pinnacle,5.32,Pinnacle,2.02,Pinnacle,1.85,Pinnacle
2026-05-23T10:26:09,Union La Calera vs Palestino,Campeonato Chileno,00:00,2.7,Unibet,3.51,Pinnacle,2.71,Pinnacle,1.94,Unibet,1.93,Pinnacle
2026-05-23T10:26:09,Deportes Concepción vs Huachipato,Campeonato Chileno,16:30,2.18,Unibet,3.31,Pinnacle,3.48,Pinnacle,,,,
2026-05-23T10:26:09,La Serena vs Deportes Limache,Campeonato Chileno,19:00,2.48,Pinnacle,3.45,Pinnacle,2.76,Pinnacle,,,,
2026-05-23T10:26:09,Universidad Católica (CHI) vs Colo Colo,Campeonato Chileno,22:00,2.61,Pinnacle,3.2,Unibet,2.8,Unibet,,,,
2026-05-23T10:26:09,Fagiano Okayama vs Cerezo Osaka,J-League,03:55,2.82,Pinnacle,3.37,Pinnacle,2.55,Pinnacle,1.94,Pinnacle,1.91,Pinnacle
2026-05-23T10:26:09,Mito HollyHock vs Kawasaki Frontale,J-League,05:00,3.17,Pinnacle,3.4,Pinnacle,2.3,Pinnacle,1.88,Pinnacle,1.97,Pinnacle
2026-05-23T10:26:09,Tokyo Verdy vs Yokohama F Marinos,J-League,05:00,2.71,Pinnacle,3.07,Pinnacle,2.86,Pinnacle,,,,
2026-05-23T10:26:09,Shimizu S Pulse vs Gamba Osaka,J-League,08:00,2.9,Pinnacle,3.34,Pinnacle,2.49,Pinnacle,1.97,Pinnacle,1.88,Pinnacle
2026-05-23T10:26:09,Qingdao Hainiu FC vs Chongqing Tonglianglong FC,Super Liga China,09:00,2.47,Pinnacle,3.22,Pinnacle,3.04,Pinnacle,,,,
2026-05-23T10:26:09,Yunnan Yukun vs Qingdao West Coast FC,Super Liga China,11:00,1.87,Pinnacle,3.83,Pinnacle,3.96,Pinnacle,,,,
2026-05-23T10:26:09,Zhejiang vs Liaoning Tieren FC,Super Liga China,11:35,1.71,Unibet,4.38,Pinnacle,4.31,Pinnacle,,,,
2026-05-23T10:26:09,Shandong Luneng Taishan FC vs Wuhan Three Towns,Super Liga China,11:35,1.34,Unibet,5.67,Pinnacle,8.41,Pinnacle,,,,
2026-05-23T10:26:09,Shanghai Shenhua FC vs Shenzhen Peng City FC,Super Liga China,12:00,1.68,Unibet,4.4,Pinnacle,4.57,Pinnacle,,,,
2026-05-23T10:26:09,Bodø/Glimt vs SK Brann,Eliteserien,14:00,1.36,Unibet,6.18,Pinnacle,7.9,Pinnacle,,,,
2026-05-23T10:26:09,Kristiansund BK vs Viking FK,Eliteserien,16:00,6.25,Unibet,4.99,Pinnacle,1.49,Pinnacle,,,,
2026-05-23T10:26:09,IK Start vs Vålerenga,Eliteserien,12:30,2.96,Pinnacle,3.86,Pinnacle,2.23,Unibet,,,,
2026-05-23T10:26:09,Tromso vs Aalesund,Eliteserien,15:00,1.45,Pinnacle,4.81,Pinnacle,6.75,Unibet,,,,
2026-05-23T10:26:09,HamKam vs Lillestrom,Eliteserien,15:00,2.95,Unibet,3.63,Pinnacle,2.32,Pinnacle,,,,
2026-05-23T10:26:09,KFUM vs Rosenborg,Eliteserien,15:00,2.33,Unibet,3.63,Pinnacle,2.96,Pinnacle,,,,
2026-05-23T10:26:09,Sarpsborg FK vs Molde,Eliteserien,15:00,2.61,Pinnacle,3.92,Pinnacle,2.48,Unibet,,,,
2026-05-23T10:26:09,Sandefjord vs Fredrikstad FK,Eliteserien,17:15,1.85,Pinnacle,4.05,Pinnacle,3.79,Pinnacle,,,,
2026-05-23T10:26:09,Hammarby IF vs AIK,Allsvenskan,12:00,1.46,Pinnacle,4.76,Pinnacle,6.5,Unibet,,,,
2026-05-23T10:26:09,IK Sirius vs GAIS,Allsvenskan,12:00,1.75,William Hill,3.94,Pinnacle,4.7,Unibet,,,,
2026-05-23T10:26:09,Malmo FF vs Västerås SK,Allsvenskan,14:30,1.64,Pinnacle,4.11,Pinnacle,5.1,Pinnacle,,,,
2026-05-23T10:26:09,IF Elfsborg vs BK Hacken,Allsvenskan,17:00,2.86,Pinnacle,3.35,Unibet,2.44,Pinnacle,1.84,Pinnacle,2.0,Unibet
2026-05-23T10:26:09,IFK Goteborg vs Mjällby AIF,Allsvenskan,17:00,2.98,Pinnacle,3.2,Unibet,2.6,Pinnacle,2.0,William Hill,1.82,Pinnacle
2026-05-23T10:26:09,Varbergs BoIS vs GIF Sundsvall,Superettan,13:00,1.62,Unibet,3.88,Pinnacle,6.16,Pinnacle,,,,
2026-05-23T10:26:09,Sandvikens IF vs Landskrona BoIS,Superettan,15:00,2.6,Pinnacle,3.49,Pinnacle,2.7,Unibet,1.81,Pinnacle,2.14,Unibet
2026-05-23T10:26:09,IFK Norrkoping vs Östers IF,Superettan,17:05,1.62,William Hill,4.38,Pinnacle,4.7,Unibet,,,,
2026-05-23T10:26:09,Raków Częstochowa vs Arka Gdynia,Ekstraklasa,15:30,1.27,Pinnacle,5.82,Pinnacle,10.5,Unibet,,,,
2026-05-23T10:26:09,Cracovia Kraków vs Korona Kielce,Ekstraklasa,15:30,2.15,Pinnacle,2.96,Pinnacle,4.04,Pinnacle,,,,
2026-05-23T10:26:09,Pogoń Szczecin vs GKS Katowice,Ekstraklasa,15:30,2.48,Unibet,3.98,Pinnacle,2.6,Unibet,,,,
2026-05-23T10:26:09,Górnik Zabrze vs Radomiak Radom,Ekstraklasa,15:30,1.45,Unibet,4.71,Pinnacle,7.35,Pinnacle,,,,
2026-05-23T10:26:09,Jagiellonia Białystok vs Zagłębie Lubin,Ekstraklasa,15:30,1.49,Unibet,5.0,Pinnacle,7.12,Pinnacle,,,,
2026-05-23T10:26:09,Lech Poznań vs Wisła Płock,Ekstraklasa,15:30,1.36,Pinnacle,5.75,Unibet,9.0,Unibet,,,,
2026-05-23T10:26:09,Nieciecza vs Lechia Gdańsk,Ekstraklasa,15:30,3.95,Unibet,4.56,Pinnacle,1.81,Pinnacle,,,,
2026-05-23T10:26:09,Legia Warszawa vs Motor Lublin,Ekstraklasa,15:30,1.53,Unibet,4.61,Pinnacle,5.89,Pinnacle,,,,
2026-05-23T10:26:09,Widzew Łódź vs Piast Gliwice,Ekstraklasa,15:30,2.54,Pinnacle,3.2,Unibet,3.01,Pinnacle,,,,
2026-05-23T10:26:09,Derry City vs Shelbourne Dublin,League of Ireland,18:45,2.47,Pinnacle,3.31,Pinnacle,2.88,Unibet,,,,
2026-05-23T10:26:09,Bohemians vs Shamrock Rovers,League of Ireland,19:00,2.5,Pinnacle,3.35,Pinnacle,3.1,Unibet,,,,
2026-05-23T10:26:09,Cleveland Cavaliers vs New York Knicks,NBA,00:10,,,,,,,,,,
2026-05-23T10:26:09,San Antonio Spurs vs Oklahoma City Thunder,NBA,00:10,,,,,,,,,,
2026-05-23T10:26:09,Cincinnati Reds vs St. Louis Cardinals,MLB,17:11,,,,,,,,,,
2026-05-23T10:26:09,Chicago Cubs vs Houston Astros,MLB,18:21,,,,,,,,,,
2026-05-23T10:26:09,Toronto Blue Jays vs Pittsburgh Pirates,MLB,19:08,,,,,,,,,,
2026-05-23T10:26:09,Baltimore Orioles vs Detroit Tigers,MLB,20:06,,,,,,,,,,
2026-05-23T10:26:09,San Francisco Giants vs Chicago White Sox,MLB,20:06,,,,,,,,,,
2026-05-23T10:26:09,Philadelphia Phillies vs Cleveland Guardians,MLB,20:06,,,,,,,,,,
2026-05-23T10:26:09,Atlanta Braves vs Washington Nationals,MLB,20:11,,,,,,,,,,
2026-05-23T10:26:09,Boston Red Sox vs Minnesota Twins,MLB,20:11,,,,,,,,,,
2026-05-23T10:26:09,Kansas City Royals vs Seattle Mariners,MLB,20:11,,,,,,,,,,
2026-05-23T10:26:09,Miami Marlins vs New York Mets,MLB,20:11,,,,,,,,,,
2026-05-23T10:26:09,Cincinnati Reds vs St. Louis Cardinals,MLB,23:16,,,,,,,,,,
2026-05-23T10:26:09,Milwaukee Brewers vs Los Angeles Dodgers,MLB,23:16,,,,,,,,,,
2026-05-23T10:26:09,San Diego Padres vs Athletics,MLB,01:41,,,,,,,,,,
2026-05-23T10:26:09,Los Angeles Angels vs Texas Rangers,MLB,02:06,,,,,,,,,,
2026-05-23T10:26:09,Arizona Diamondbacks vs Colorado Rockies,MLB,02:11,,,,,,,,,,
2026-05-23T10:26:09,Carolina Hurricanes vs Montréal Canadiens,NHL,23:20,,,,,,,,,,
2026-05-23T10:26:09,Vegas Golden Knights vs Colorado Avalanche,NHL,00:00,,,,,,,,,,
2026-05-24T09:12:07,Crystal Palace vs Arsenal,Premier League,15:00,4.11,Pinnacle,3.62,Pinnacle,1.96,Pinnacle,,,,
2026-05-24T09:12:07,Manchester City vs Aston Villa,Premier League,15:00,1.4,Pinnacle,5.26,Pinnacle,7.55,Pinnacle,,,,
2026-05-24T09:12:07,Nottingham Forest vs Bournemouth,Premier League,15:00,3.44,Pinnacle,3.75,Unibet,2.13,Pinnacle,,,,
2026-05-24T09:12:07,Liverpool vs Brentford,Premier League,15:00,1.91,Pinnacle,3.97,Pinnacle,3.95,Unibet,,,,
2026-05-24T09:12:07,Brighton and Hove Albion vs Manchester United,Premier League,15:00,1.93,Pinnacle,4.23,Pinnacle,3.63,Pinnacle,,,,
2026-05-24T09:12:07,Burnley vs Wolverhampton Wanderers,Premier League,15:00,2.54,Pinnacle,3.48,Pinnacle,2.88,Pinnacle,,,,
2026-05-24T09:12:07,Sunderland vs Chelsea,Premier League,15:00,3.62,Pinnacle,3.74,Pinnacle,2.06,Pinnacle,,,,
2026-05-24T09:12:07,Tottenham Hotspur vs Everton,Premier League,15:00,1.93,Pinnacle,3.59,Pinnacle,4.28,Pinnacle,1.93,Pinnacle,1.98,Pinnacle
2026-05-24T09:12:07,Fulham vs Newcastle United,Premier League,15:00,2.61,Pinnacle,3.74,Pinnacle,2.66,Pinnacle,,,,
2026-05-24T09:12:07,West Ham United vs Leeds United,Premier League,15:00,1.7,William Hill,4.27,Pinnacle,4.73,Pinnacle,,,,
2026-05-24T09:12:07,Villarreal vs Atlético Madrid,La Liga,19:00,2.56,Pinnacle,3.93,Pinnacle,2.61,Pinnacle,,,,
2026-05-24T09:12:07,SC Paderborn vs VfL Wolfsburg,Bundesliga,18:30,3.4,Unibet,3.65,Pinnacle,2.08,Pinnacle,1.87,Pinnacle,1.99,Pinnacle
2026-05-24T09:12:07,Napoli vs Udinese,Serie A,16:00,1.47,Pinnacle,4.47,Pinnacle,7.74,Pinnacle,1.88,Pinnacle,2.03,Pinnacle
2026-05-24T09:12:07,AC Milan vs Cagliari,Serie A,18:45,1.33,Pinnacle,5.4,Pinnacle,10.39,Pinnacle,,,,
2026-05-24T09:12:07,Hellas Verona vs AS Roma,Serie A,18:45,9.86,Pinnacle,5.07,Pinnacle,1.36,Pinnacle,1.87,Pinnacle,2.05,Pinnacle
2026-05-24T09:12:07,Cremonese vs Como,Serie A,18:45,6.75,Pinnacle,4.66,Pinnacle,1.49,Pinnacle,,,,
2026-05-24T09:12:07,Lecce vs Genoa,Serie A,18:45,1.87,Pinnacle,3.45,Pinnacle,4.88,Pinnacle,,,,
2026-05-24T09:12:07,Torino vs Juventus,Serie A,18:45,6.95,Pinnacle,4.37,Pinnacle,1.51,Pinnacle,1.85,Pinnacle,2.07,Pinnacle
2026-05-24T09:12:07,Saint Etienne vs Nice,Ligue 1,18:45,2.28,Unibet,3.61,Pinnacle,3.07,Pinnacle,,,,
2026-05-24T09:12:07,LDU Quito vs Club Always Ready,Copa Libertadores,22:00,1.37,Unibet,5.26,Pinnacle,8.07,Pinnacle,,,,
2026-05-24T09:12:07,Lanus vs Mirassol,Copa Libertadores,22:00,1.76,Unibet,3.47,Pinnacle,5.4,Pinnacle,,,,
2026-05-24T09:12:07,Club Universitario de Deportes vs Deportes Tolima,Copa Libertadores,00:30,1.88,Pinnacle,3.3,Unibet,4.56,Pinnacle,,,,
2026-05-24T09:12:07,Nacional de Montevideo vs Coquimbo Unido,Copa Libertadores,00:30,1.83,Unibet,3.48,Pinnacle,4.81,Pinnacle,,,,
2026-05-24T09:12:07,Flamengo-RJ vs Cusco FC,Copa Libertadores,00:30,1.12,Unibet,9.48,Pinnacle,21.68,Pinnacle,,,,
2026-05-24T09:12:07,Estudiantes La Plata vs Independiente Medellín,Copa Libertadores,00:30,1.63,Unibet,3.72,Pinnacle,5.88,Pinnacle,,,,
2026-05-24T09:12:07,Sao Paulo vs CA Boston River,Copa Sudamericana,22:00,1.2,William Hill,7.0,Unibet,19.0,Unibet,,,,
2026-05-24T09:12:07,Palestino vs Deportivo Riestra,Copa Sudamericana,22:00,2.28,Unibet,3.12,Pinnacle,3.42,Pinnacle,,,,
2026-05-24T09:12:07,Grêmio vs Montevideo City Torque,Copa Sudamericana,22:00,1.53,Unibet,4.14,Pinnacle,6.26,Pinnacle,1.92,Unibet,1.89,Pinnacle
2026-05-24T09:12:07,Millonarios vs O'Higgins,Copa Sudamericana,22:00,1.62,William Hill,3.8,Unibet,5.75,Unibet,,,,
2026-05-24T09:12:07,Santos vs C.D. Cuenca,Copa Sudamericana,00:30,1.31,Pinnacle,5.1,Unibet,10.0,Unibet,,,,
2026-05-24T09:12:07,San Lorenzo vs Recoleta FC,Copa Sudamericana,00:30,1.37,Unibet,4.4,Pinnacle,9.5,Unibet,,,,
2026-05-24T09:12:07,Notts County vs Salford City,League Two,14:00,2.71,Pinnacle,3.15,Unibet,2.8,Unibet,,,,
2026-05-24T09:12:07,Greuther Fürth vs Rot-Weiss Essen,2. Bundesliga,18:30,1.89,Pinnacle,4.07,Pinnacle,3.63,Pinnacle,,,,
2026-05-24T09:12:07,US Catanzaro 1929 vs Monza,Serie B,18:00,2.82,Pinnacle,3.25,Unibet,2.85,Pinnacle,,,,
2026-05-24T09:12:07,Andorra CF vs AD Ceuta FC,Segunda División,14:15,1.32,Unibet,5.98,Pinnacle,8.6,Pinnacle,,,,
2026-05-24T09:12:07,Albacete vs Real Sociedad B,Segunda División,14:15,1.75,Unibet,4.04,Pinnacle,4.8,Pinnacle,,,,
2026-05-24T09:12:07,Sporting Gijón vs Almería,Segunda División,16:30,3.9,Unibet,3.89,Pinnacle,1.99,Pinnacle,,,,
2026-05-24T09:12:07,Cultural Leonesa vs Burgos CF,Segunda División,16:30,3.09,Pinnacle,3.35,Pinnacle,2.55,Unibet,,,,
2026-05-24T09:12:07,SD Huesca vs CD Castellón,Segunda División,16:30,4.5,Unibet,4.16,Pinnacle,1.76,Pinnacle,,,,
2026-05-24T09:12:07,CD Mirandés vs Granada CF,Segunda División,16:30,1.51,Unibet,4.49,Pinnacle,7.19,Pinnacle,,,,
2026-05-24T09:12:07,Cádiz CF vs Leganés,Segunda División,16:30,2.67,Pinnacle,3.3,Unibet,2.93,Pinnacle,,,,
2026-05-24T09:12:07,SD Eibar vs Córdoba,Segunda División,16:30,1.68,Unibet,4.21,Pinnacle,4.91,Pinnacle,,,,
2026-05-24T09:12:07,Real Valladolid CF vs Deportivo La Coruña,Segunda División,16:30,5.0,Pinnacle,3.7,Unibet,1.76,Pinnacle,1.98,Pinnacle,1.88,Pinnacle
2026-05-24T09:12:07,Las Palmas vs Zaragoza,Segunda División,16:30,1.41,Unibet,4.64,Pinnacle,8.59,Pinnacle,1.85,Pinnacle,2.05,Unibet
2026-05-24T09:12:07,Málaga vs Real Racing Club de Santander,Segunda División,16:30,1.68,Pinnacle,4.4,Pinnacle,4.6,Unibet,,,,
2026-05-24T09:12:07,Rapid Wien vs Ried,Austria Bundesliga,15:00,2.1,William Hill,3.5,Pinnacle,3.49,Pinnacle,1.99,Pinnacle,1.86,Pinnacle
2026-05-24T09:12:07,Union Saint-Gilloise vs Anderlecht,Belgian First Div,16:30,1.55,Pinnacle,4.27,Pinnacle,5.69,Pinnacle,,,,
2026-05-24T09:12:07,Club Brugge vs Gent,Belgian First Div,16:30,1.65,Pinnacle,4.65,Pinnacle,4.4,Unibet,,,,
2026-05-24T09:12:07,Sint Truiden vs KV Mechelen,Belgian First Div,16:30,2.04,Pinnacle,3.99,Pinnacle,3.5,Unibet,,,,
2026-05-24T09:12:07,Remo vs Atletico Paranaense,Brasileirao,19:00,2.47,Pinnacle,3.25,Unibet,3.12,Pinnacle,,,,
2026-05-24T09:12:07,Cruzeiro vs Chapecoense,Brasileirao,19:00,1.3,William Hill,5.95,Pinnacle,10.65,Pinnacle,,,,
2026-05-24T09:12:07,Corinthians vs Atletico Mineiro,Brasileirao,21:30,1.79,Pinnacle,3.47,Pinnacle,5.31,Pinnacle,,,,
2026-05-24T09:12:07,Vasco da Gama vs Bragantino-SP,Brasileirao,23:30,1.97,Pinnacle,3.49,Pinnacle,4.17,Pinnacle,,,,
2026-05-24T09:12:07,Coritiba vs Bahia,Brasileirao,23:00,2.72,Pinnacle,3.3,Pinnacle,2.66,Pinnacle,2.07,Unibet,1.83,Pinnacle
2026-05-24T09:12:07,Atletico Goianiense vs São Bernardo,Brasileirao B,19:00,1.95,William Hill,3.3,Unibet,4.67,Pinnacle,,,,
2026-05-24T09:12:07,Clube de Regatas Brasil vs Ponte Preta,Brasileirao B,19:30,1.52,Unibet,4.27,Pinnacle,7.18,Pinnacle,2.0,Pinnacle,1.88,Unibet
2026-05-24T09:12:07,América Mineiro vs Vila Nova,Brasileirao B,21:30,2.23,Pinnacle,3.27,Pinnacle,3.52,Pinnacle,,,,
2026-05-24T09:12:07,Avai vs Goiás,Brasileirao B,22:00,2.33,Pinnacle,3.3,Unibet,3.42,Pinnacle,,,,
2026-05-24T09:12:07,Operario PR vs Criciuma,Brasileirao B,23:30,2.29,Pinnacle,3.15,Unibet,3.59,Pinnacle,,,,
2026-05-24T09:12:07,Botafogo vs Athletic Club (MG),Brasileirao B,22:00,2.08,Unibet,3.16,Pinnacle,4.0,Unibet,,,,
2026-05-24T09:12:07,River Plate vs Belgrano de Cordoba,Liga Profesional,18:30,2.22,Pinnacle,3.0,Unibet,4.3,Unibet,,,,
2026-05-24T09:12:07,Pumas vs Cruz Azul,Liga MX,01:00,3.18,Pinnacle,3.35,Pinnacle,2.4,Unibet,2.05,Pinnacle,1.86,Unibet
2026-05-24T09:12:07,Columbus Crew SC vs Atlanta United FC,MLS,21:00,1.58,Pinnacle,4.5,Unibet,6.0,Unibet,,,,
2026-05-24T09:12:07,Inter Miami CF vs Philadelphia Union,MLS,23:00,1.4,Unibet,5.77,Pinnacle,6.66,Pinnacle,,,,
2026-05-24T09:12:07,Los Angeles FC vs Seattle Sounders FC,MLS,01:15,2.03,Pinnacle,3.82,Pinnacle,3.75,Unibet,,,,
2026-05-24T09:12:07,Deportes Concepción vs Huachipato,Campeonato Chileno,16:30,2.58,Pinnacle,3.25,Unibet,3.2,Unibet,,,,
2026-05-24T09:12:07,La Serena vs Deportes Limache,Campeonato Chileno,19:00,2.59,Pinnacle,3.57,Pinnacle,2.7,Unibet,,,,
2026-05-24T09:12:07,Universidad Católica (CHI) vs Colo Colo,Campeonato Chileno,22:00,2.59,Pinnacle,3.28,Pinnacle,2.87,Pinnacle,2.04,Pinnacle,1.84,Pinnacle
2026-05-24T09:12:07,Kristiansund BK vs Viking FK,Eliteserien,16:00,6.25,Unibet,4.94,Pinnacle,1.54,Pinnacle,,,,
2026-05-24T09:12:07,IK Start vs Vålerenga,Eliteserien,12:30,2.95,Unibet,3.89,Pinnacle,2.27,Pinnacle,,,,
2026-05-24T09:12:07,Tromso vs Aalesund,Eliteserien,15:00,1.44,William Hill,4.88,Pinnacle,6.75,Unibet,,,,
2026-05-24T09:12:07,HamKam vs Lillestrom,Eliteserien,15:00,2.96,Pinnacle,3.63,Pinnacle,2.3,Pinnacle,,,,
2026-05-24T09:12:07,KFUM vs Rosenborg,Eliteserien,15:00,2.33,Unibet,3.63,Pinnacle,2.96,Pinnacle,,,,
2026-05-24T09:12:07,Sarpsborg FK vs Molde,Eliteserien,15:00,2.57,Pinnacle,3.92,Pinnacle,2.48,Pinnacle,,,,
2026-05-24T09:12:07,Sandefjord vs Fredrikstad FK,Eliteserien,17:15,1.85,Pinnacle,4.05,Pinnacle,3.79,Pinnacle,,,,
2026-05-24T09:12:07,Malmo FF vs Västerås SK,Allsvenskan,14:30,1.76,Pinnacle,3.92,Pinnacle,4.46,Pinnacle,,,,
2026-05-24T09:12:07,IF Elfsborg vs BK Hacken,Allsvenskan,17:00,2.93,Pinnacle,3.37,Pinnacle,2.4,William Hill,1.84,Pinnacle,2.0,Unibet
2026-05-24T09:12:07,IFK Goteborg vs Mjällby AIF,Allsvenskan,17:00,2.88,Unibet,3.2,Unibet,2.68,Pinnacle,2.0,William Hill,1.83,Pinnacle
2026-05-24T09:12:07,Sandvikens IF vs Landskrona BoIS,Superettan,15:00,2.51,Pinnacle,3.58,Pinnacle,2.71,Pinnacle,,,,
2026-05-24T09:12:07,IFK Norrkoping vs Östers IF,Superettan,17:05,1.65,William Hill,4.35,Pinnacle,4.7,Unibet,,,,
2026-05-24T09:12:07,Örebro SK vs Helsingborgs IF,Superettan,17:00,2.27,Pinnacle,3.39,Pinnacle,3.07,Pinnacle,1.83,Pinnacle,1.96,Pinnacle
2026-05-24T09:12:07,Derry City vs Shelbourne Dublin,League of Ireland,18:45,2.47,Pinnacle,3.31,Pinnacle,2.88,Unibet,,,,
2026-05-24T09:12:07,Bohemians vs Shamrock Rovers,League of Ireland,19:00,2.42,Pinnacle,3.34,Pinnacle,3.1,Unibet,,,,
2026-05-24T09:12:07,San Antonio Spurs vs Oklahoma City Thunder,NBA,00:10,,,,,,,,,,
2026-05-24T09:12:07,Cleveland Cavaliers vs New York Knicks,NBA,00:10,,,,,,,,,,
2026-05-24T09:12:07,Toronto Blue Jays vs Pittsburgh Pirates,MLB,16:16,,,,,,,,,,
2026-05-24T09:12:07,Baltimore Orioles vs Detroit Tigers,MLB,16:36,,,,,,,,,,
2026-05-24T09:12:07,Boston Red Sox vs Minnesota Twins,MLB,17:36,,,,,,,,,,
2026-05-24T09:12:07,Philadelphia Phillies vs Cleveland Guardians,MLB,17:36,,,,,,,,,,
2026-05-24T09:12:07,New York Yankees vs Tampa Bay Rays,MLB,17:36,,,,,,,,,,
2026-05-24T09:12:07,Cincinnati Reds vs St. Louis Cardinals,MLB,17:41,,,,,,,,,,
2026-05-24T09:12:07,Miami Marlins vs New York Mets,MLB,17:41,,,,,,,,,,
2026-05-24T09:12:07,Kansas City Royals vs Seattle Mariners,MLB,18:11,,,,,,,,,,
2026-05-24T09:12:07,Milwaukee Brewers vs Los Angeles Dodgers,MLB,18:11,,,,,,,,,,
2026-05-24T09:12:07,Chicago Cubs vs Houston Astros,MLB,18:21,,,,,,,,,,
2026-05-24T09:12:07,San Francisco Giants vs Chicago White Sox,MLB,20:06,,,,,,,,,,
2026-05-24T09:12:07,Arizona Diamondbacks vs Colorado Rockies,MLB,20:11,,,,,,,,,,
2026-05-24T09:12:07,San Diego Padres vs Athletics,MLB,20:11,,,,,,,,,,
2026-05-24T09:12:07,Atlanta Braves vs Washington Nationals,MLB,20:11,,,,,,,,,,
2026-05-24T09:12:07,Baltimore Orioles vs Detroit Tigers,MLB,22:06,,,,,,,,,,
2026-05-24T09:12:07,Los Angeles Angels vs Texas Rangers,MLB,23:21,,,,,,,,,,
2026-05-24T09:12:07,Vegas Golden Knights vs Colorado Avalanche,NHL,00:20,,,,,,,,,,
2026-05-24T09:12:07,Montréal Canadiens vs Carolina Hurricanes,NHL,00:00,,,,,,,,,,
2026-05-24T09:12:07,Louisville Kings vs Dallas Renegades,UFL,20:00,,,,,,,,,,
2026-05-24T09:12:07,Houston Gamblers vs St. Louis Battlehawks,UFL,23:00,,,,,,,,,,
2026-05-24T09:17:30,Crystal Palace vs Arsenal,Premier League,15:00,4.02,Pinnacle,3.7,Pinnacle,1.96,Pinnacle,,,,
2026-05-24T09:17:30,Manchester City vs Aston Villa,Premier League,15:00,1.41,Pinnacle,5.25,Unibet,7.32,Pinnacle,,,,
2026-05-24T09:17:30,Nottingham Forest vs Bournemouth,Premier League,15:00,3.69,Pinnacle,3.76,Pinnacle,2.03,Pinnacle,,,,
2026-05-24T09:17:30,Liverpool vs Brentford,Premier League,15:00,1.85,Pinnacle,4.05,Pinnacle,4.11,Pinnacle,,,,
2026-05-24T09:17:30,Brighton and Hove Albion vs Manchester United,Premier League,15:00,1.93,Pinnacle,4.23,Pinnacle,3.67,Pinnacle,,,,
2026-05-24T09:17:30,Burnley vs Wolverhampton Wanderers,Premier League,15:00,2.54,Pinnacle,3.52,Pinnacle,2.86,Pinnacle,,,,
2026-05-24T09:17:30,Sunderland vs Chelsea,Premier League,15:00,3.61,Pinnacle,3.78,Pinnacle,2.05,Pinnacle,,,,
2026-05-24T09:17:30,Tottenham Hotspur vs Everton,Premier League,15:00,1.94,Pinnacle,3.5,Pinnacle,4.36,Pinnacle,2.04,Pinnacle,1.87,Pinnacle
2026-05-24T09:17:30,Fulham vs Newcastle United,Premier League,15:00,2.64,Pinnacle,3.65,Pinnacle,2.67,Pinnacle,,,,
2026-05-24T09:17:30,West Ham United vs Leeds United,Premier League,15:00,1.72,Pinnacle,4.24,Pinnacle,4.65,Pinnacle,,,,
2026-05-24T09:17:30,Villarreal vs Atlético Madrid,La Liga,19:00,2.56,Pinnacle,3.93,Pinnacle,2.61,Pinnacle,,,,
2026-05-24T09:17:30,SC Paderborn vs VfL Wolfsburg,Bundesliga,18:30,3.4,Unibet,3.65,Pinnacle,2.08,Pinnacle,1.87,Pinnacle,1.99,Pinnacle
2026-05-24T09:17:30,Napoli vs Udinese,Serie A,16:00,1.47,Pinnacle,4.47,Pinnacle,7.74,Pinnacle,1.88,Pinnacle,2.03,Pinnacle
2026-05-24T09:17:30,AC Milan vs Cagliari,Serie A,18:45,1.33,Pinnacle,5.4,Pinnacle,10.39,Pinnacle,,,,
2026-05-24T09:17:30,Hellas Verona vs AS Roma,Serie A,18:45,9.86,Pinnacle,5.07,Pinnacle,1.36,Pinnacle,1.87,Pinnacle,2.05,Pinnacle
2026-05-24T09:17:30,Cremonese vs Como,Serie A,18:45,6.75,Pinnacle,4.66,Pinnacle,1.49,Pinnacle,,,,
2026-05-24T09:17:30,Lecce vs Genoa,Serie A,18:45,1.87,Pinnacle,3.45,Pinnacle,4.88,Pinnacle,,,,
2026-05-24T09:17:30,Torino vs Juventus,Serie A,18:45,6.95,Pinnacle,4.37,Pinnacle,1.51,Pinnacle,1.85,Pinnacle,2.07,Pinnacle
2026-05-24T09:17:30,Saint Etienne vs Nice,Ligue 1,18:45,2.28,Unibet,3.61,Pinnacle,3.07,Pinnacle,,,,
2026-05-24T09:17:30,LDU Quito vs Club Always Ready,Copa Libertadores,22:00,1.37,Unibet,5.26,Pinnacle,8.07,Pinnacle,,,,
2026-05-24T09:17:30,Lanus vs Mirassol,Copa Libertadores,22:00,1.76,Unibet,3.47,Pinnacle,5.4,Pinnacle,,,,
2026-05-24T09:17:30,Club Universitario de Deportes vs Deportes Tolima,Copa Libertadores,00:30,1.88,Pinnacle,3.3,Unibet,4.56,Pinnacle,,,,
2026-05-24T09:17:30,Nacional de Montevideo vs Coquimbo Unido,Copa Libertadores,00:30,1.83,Unibet,3.48,Pinnacle,4.81,Pinnacle,,,,
2026-05-24T09:17:30,Flamengo-RJ vs Cusco FC,Copa Libertadores,00:30,1.12,Unibet,9.48,Pinnacle,21.68,Pinnacle,,,,
2026-05-24T09:17:30,Estudiantes La Plata vs Independiente Medellín,Copa Libertadores,00:30,1.63,Unibet,3.72,Pinnacle,5.88,Pinnacle,,,,
2026-05-24T09:17:30,Sao Paulo vs CA Boston River,Copa Sudamericana,22:00,1.2,William Hill,7.0,Unibet,19.0,Unibet,,,,
2026-05-24T09:17:30,Palestino vs Deportivo Riestra,Copa Sudamericana,22:00,2.28,Unibet,3.12,Pinnacle,3.42,Pinnacle,,,,
2026-05-24T09:17:30,Grêmio vs Montevideo City Torque,Copa Sudamericana,22:00,1.53,Unibet,4.14,Pinnacle,6.26,Pinnacle,1.92,Unibet,1.89,Pinnacle
2026-05-24T09:17:30,Millonarios vs O'Higgins,Copa Sudamericana,22:00,1.62,William Hill,3.8,Unibet,5.75,Unibet,,,,
2026-05-24T09:17:30,Santos vs C.D. Cuenca,Copa Sudamericana,00:30,1.31,Pinnacle,5.1,Unibet,10.0,Unibet,,,,
2026-05-24T09:17:30,San Lorenzo vs Recoleta FC,Copa Sudamericana,00:30,1.37,Unibet,4.4,Pinnacle,9.5,Unibet,,,,
2026-05-24T09:17:30,Notts County vs Salford City,League Two,14:00,2.73,Pinnacle,3.15,Unibet,2.8,Unibet,,,,
2026-05-24T09:17:30,Greuther Fürth vs Rot-Weiss Essen,2. Bundesliga,18:30,1.89,Pinnacle,4.07,Pinnacle,3.63,Pinnacle,,,,
2026-05-24T09:17:30,US Catanzaro 1929 vs Monza,Serie B,18:00,2.82,Pinnacle,3.25,Unibet,2.85,Pinnacle,,,,
2026-05-24T09:17:30,Albacete vs Real Sociedad B,Segunda División,14:19,1.75,Unibet,4.04,Pinnacle,4.8,Pinnacle,,,,
2026-05-24T09:17:30,Sporting Gijón vs Almería,Segunda División,16:30,3.9,Unibet,3.89,Pinnacle,1.99,Pinnacle,,,,
2026-05-24T09:17:30,Cultural Leonesa vs Burgos CF,Segunda División,16:30,3.07,Pinnacle,3.34,Pinnacle,2.55,Unibet,,,,
2026-05-24T09:17:30,SD Huesca vs CD Castellón,Segunda División,16:30,4.5,Unibet,4.19,Pinnacle,1.74,Pinnacle,,,,
2026-05-24T09:17:30,CD Mirandés vs Granada CF,Segunda División,16:30,1.51,Unibet,4.49,Pinnacle,7.19,Pinnacle,,,,
2026-05-24T09:17:30,Cádiz CF vs Leganés,Segunda División,16:30,2.64,Pinnacle,3.3,Unibet,2.99,Pinnacle,,,,
2026-05-24T09:17:30,SD Eibar vs Córdoba,Segunda División,16:30,1.68,Unibet,4.21,Pinnacle,4.91,Pinnacle,,,,
2026-05-24T09:17:30,Real Valladolid CF vs Deportivo La Coruña,Segunda División,16:30,5.0,Pinnacle,3.7,Unibet,1.76,Pinnacle,1.98,Pinnacle,1.88,Pinnacle
2026-05-24T09:17:30,Las Palmas vs Zaragoza,Segunda División,16:30,1.41,Unibet,4.79,Pinnacle,8.93,Pinnacle,1.83,Pinnacle,2.05,Unibet
2026-05-24T09:17:30,Málaga vs Real Racing Club de Santander,Segunda División,16:30,1.69,Pinnacle,4.39,Pinnacle,4.6,Unibet,,,,
2026-05-24T09:17:30,Rapid Wien vs Ried,Austria Bundesliga,15:00,2.06,Pinnacle,3.52,Pinnacle,3.55,Pinnacle,1.99,Pinnacle,1.87,Pinnacle
2026-05-24T09:17:30,Union Saint-Gilloise vs Anderlecht,Belgian First Div,16:30,1.55,Pinnacle,4.27,Pinnacle,5.69,Pinnacle,,,,
2026-05-24T09:17:30,Club Brugge vs Gent,Belgian First Div,16:30,1.65,Pinnacle,4.65,Pinnacle,4.4,Unibet,,,,
2026-05-24T09:17:30,Sint Truiden vs KV Mechelen,Belgian First Div,16:30,2.04,Pinnacle,3.99,Pinnacle,3.5,Unibet,,,,
2026-05-24T09:17:30,Remo vs Atletico Paranaense,Brasileirao,19:00,2.47,Pinnacle,3.25,Unibet,3.12,Pinnacle,,,,
2026-05-24T09:17:30,Cruzeiro vs Chapecoense,Brasileirao,19:00,1.3,William Hill,5.95,Pinnacle,10.65,Pinnacle,,,,
2026-05-24T09:17:30,Corinthians vs Atletico Mineiro,Brasileirao,21:30,1.79,Pinnacle,3.48,Pinnacle,5.33,Pinnacle,,,,
2026-05-24T09:17:30,Vasco da Gama vs Bragantino-SP,Brasileirao,23:30,1.97,Pinnacle,3.49,Pinnacle,4.17,Pinnacle,,,,
2026-05-24T09:17:30,Coritiba vs Bahia,Brasileirao,23:00,2.72,Pinnacle,3.3,Pinnacle,2.66,Pinnacle,2.07,Unibet,1.83,Pinnacle
2026-05-24T09:17:30,Atletico Goianiense vs São Bernardo,Brasileirao B,19:00,1.95,William Hill,3.3,Unibet,4.67,Pinnacle,,,,
2026-05-24T09:17:30,Clube de Regatas Brasil vs Ponte Preta,Brasileirao B,19:30,1.52,Unibet,4.27,Pinnacle,7.18,Pinnacle,2.0,Pinnacle,1.88,Unibet
2026-05-24T09:17:30,América Mineiro vs Vila Nova,Brasileirao B,21:30,2.23,Pinnacle,3.27,Pinnacle,3.52,Pinnacle,,,,
2026-05-24T09:17:30,Avai vs Goiás,Brasileirao B,22:00,2.33,Pinnacle,3.3,Unibet,3.42,Pinnacle,,,,
2026-05-24T09:17:30,Operario PR vs Criciuma,Brasileirao B,23:30,2.29,Pinnacle,3.15,Unibet,3.59,Pinnacle,,,,
2026-05-24T09:17:30,Botafogo vs Athletic Club (MG),Brasileirao B,22:00,2.08,Unibet,3.16,Pinnacle,4.0,Unibet,,,,
2026-05-24T09:17:30,River Plate vs Belgrano de Cordoba,Liga Profesional,18:30,2.22,Pinnacle,3.0,Unibet,4.3,Unibet,,,,
2026-05-24T09:17:30,Pumas vs Cruz Azul,Liga MX,01:00,3.18,Pinnacle,3.35,Pinnacle,2.4,Unibet,2.05,Pinnacle,1.86,Unibet
2026-05-24T09:17:30,Columbus Crew SC vs Atlanta United FC,MLS,21:00,1.58,Pinnacle,4.5,Unibet,6.0,Unibet,,,,
2026-05-24T09:17:30,Inter Miami CF vs Philadelphia Union,MLS,23:00,1.4,Unibet,5.77,Pinnacle,6.66,Pinnacle,,,,
2026-05-24T09:17:30,Los Angeles FC vs Seattle Sounders FC,MLS,01:15,2.03,Pinnacle,3.82,Pinnacle,3.75,Unibet,,,,
2026-05-24T09:17:30,Deportes Concepción vs Huachipato,Campeonato Chileno,16:30,2.58,Pinnacle,3.25,Unibet,3.2,Unibet,,,,
2026-05-24T09:17:30,La Serena vs Deportes Limache,Campeonato Chileno,19:00,2.59,Pinnacle,3.57,Pinnacle,2.7,Unibet,,,,
2026-05-24T09:17:30,Universidad Católica (CHI) vs Colo Colo,Campeonato Chileno,22:00,2.59,Pinnacle,3.28,Pinnacle,2.87,Pinnacle,2.04,Pinnacle,1.84,Pinnacle
2026-05-24T09:17:30,Kristiansund BK vs Viking FK,Eliteserien,16:00,6.25,Unibet,4.94,Pinnacle,1.54,Pinnacle,,,,
2026-05-24T09:17:30,IK Start vs Vålerenga,Eliteserien,12:30,2.95,Unibet,3.89,Pinnacle,2.27,Pinnacle,,,,
2026-05-24T09:17:30,Tromso vs Aalesund,Eliteserien,15:00,1.44,William Hill,4.88,Pinnacle,6.75,Unibet,,,,
2026-05-24T09:17:30,HamKam vs Lillestrom,Eliteserien,15:00,2.96,Pinnacle,3.63,Pinnacle,2.3,Pinnacle,,,,
2026-05-24T09:17:30,KFUM vs Rosenborg,Eliteserien,15:00,2.33,Unibet,3.63,Pinnacle,2.96,Pinnacle,,,,
2026-05-24T09:17:30,Sarpsborg FK vs Molde,Eliteserien,15:00,2.57,Pinnacle,3.92,Pinnacle,2.48,Pinnacle,,,,
2026-05-24T09:17:30,Sandefjord vs Fredrikstad FK,Eliteserien,17:15,1.85,Pinnacle,4.05,Pinnacle,3.79,Pinnacle,,,,
2026-05-24T09:17:30,Malmo FF vs Västerås SK,Allsvenskan,14:30,1.76,Pinnacle,3.92,Pinnacle,4.46,Pinnacle,,,,
2026-05-24T09:17:30,IF Elfsborg vs BK Hacken,Allsvenskan,17:00,2.93,Pinnacle,3.37,Pinnacle,2.4,William Hill,1.84,Pinnacle,2.0,Unibet
2026-05-24T09:17:30,IFK Goteborg vs Mjällby AIF,Allsvenskan,17:00,2.88,Unibet,3.2,Unibet,2.68,Pinnacle,2.0,William Hill,1.83,Pinnacle
2026-05-24T09:17:30,Sandvikens IF vs Landskrona BoIS,Superettan,15:00,2.51,Pinnacle,3.58,Pinnacle,2.71,Pinnacle,,,,
2026-05-24T09:17:30,IFK Norrkoping vs Östers IF,Superettan,17:05,1.65,William Hill,4.35,Pinnacle,4.7,Unibet,,,,
2026-05-24T09:17:30,Örebro SK vs Helsingborgs IF,Superettan,17:00,2.27,Pinnacle,3.39,Pinnacle,3.07,Pinnacle,1.83,Pinnacle,1.96,Pinnacle
2026-05-24T09:17:30,Derry City vs Shelbourne Dublin,League of Ireland,18:45,2.47,Pinnacle,3.31,Pinnacle,2.88,Unibet,,,,
2026-05-24T09:17:30,Bohemians vs Shamrock Rovers,League of Ireland,19:00,2.42,Pinnacle,3.34,Pinnacle,3.1,Unibet,,,,
2026-05-24T09:17:30,San Antonio Spurs vs Oklahoma City Thunder,NBA,00:10,,,,,,,,,,
2026-05-24T09:17:30,Cleveland Cavaliers vs New York Knicks,NBA,00:10,,,,,,,,,,
2026-05-24T09:17:30,Olympiacos vs Real Madrid,Euroleague,18:00,,,,,,,,,,
2026-05-24T09:17:30,Toronto Blue Jays vs Pittsburgh Pirates,MLB,16:16,,,,,,,,,,
2026-05-24T09:17:30,Baltimore Orioles vs Detroit Tigers,MLB,16:36,,,,,,,,,,
2026-05-24T09:17:30,Boston Red Sox vs Minnesota Twins,MLB,17:36,,,,,,,,,,
2026-05-24T09:17:30,Philadelphia Phillies vs Cleveland Guardians,MLB,17:36,,,,,,,,,,
2026-05-24T09:17:30,New York Yankees vs Tampa Bay Rays,MLB,17:36,,,,,,,,,,
2026-05-24T09:17:30,Cincinnati Reds vs St. Louis Cardinals,MLB,17:41,,,,,,,,,,
2026-05-24T09:17:30,Miami Marlins vs New York Mets,MLB,17:41,,,,,,,,,,
2026-05-24T09:17:30,Kansas City Royals vs Seattle Mariners,MLB,18:11,,,,,,,,,,
2026-05-24T09:17:30,Milwaukee Brewers vs Los Angeles Dodgers,MLB,18:11,,,,,,,,,,
2026-05-24T09:17:30,Chicago Cubs vs Houston Astros,MLB,18:21,,,,,,,,,,
2026-05-24T09:17:30,San Francisco Giants vs Chicago White Sox,MLB,20:06,,,,,,,,,,
2026-05-24T09:17:30,Arizona Diamondbacks vs Colorado Rockies,MLB,20:11,,,,,,,,,,
2026-05-24T09:17:30,San Diego Padres vs Athletics,MLB,20:11,,,,,,,,,,
2026-05-24T09:17:30,Atlanta Braves vs Washington Nationals,MLB,20:11,,,,,,,,,,
2026-05-24T09:17:30,Baltimore Orioles vs Detroit Tigers,MLB,22:06,,,,,,,,,,
2026-05-24T09:17:30,Los Angeles Angels vs Texas Rangers,MLB,23:21,,,,,,,,,,
2026-05-24T09:17:30,Vegas Golden Knights vs Colorado Avalanche,NHL,00:20,,,,,,,,,,
2026-05-24T09:17:30,Montréal Canadiens vs Carolina Hurricanes,NHL,00:00,,,,,,,,,,
2026-05-24T09:17:30,Quentin Halys vs Mattia Bellucci,ATP Roland Garros,14:30,,,,,,,,,,
2026-05-24T09:17:30,Taylor Fritz vs Nishesh Basavareddy,ATP Roland Garros,14:33,,,,,,,,,,
2026-05-24T09:17:30,Joao Fonseca vs Luka Pavlovic,ATP Roland Garros,14:50,,,,,,,,,,
2026-05-24T09:17:30,Alexander Blockx vs Chak Lam Coleman Wong,ATP Roland Garros,15:24,,,,,,,,,,
2026-05-24T09:17:30,Hamad Medjedovic vs Yannick Hanfmann,ATP Roland Garros,15:30,,,,,,,,,,
2026-05-24T09:17:30,Lorenzo Sonego vs Pierre-Hugues Herbert,ATP Roland Garros,15:55,,,,,,,,,,
2026-05-24T09:17:30,Hugo Dellien vs Valentin Royer,ATP Roland Garros,16:10,,,,,,,,,,
2026-05-24T09:17:30,Giovanni Mpetshi Perricard vs Novak Djokovic,ATP Roland Garros,18:15,,,,,,,,,,
2026-05-24T09:17:30,Cameron Norrie vs Adolfo Daniel Vallejo,ATP Roland Garros,09:00,,,,,,,,,,
2026-05-24T09:17:30,Alejandro Tabilo vs Kamil Majchrzak,ATP Roland Garros,09:00,,,,,,,,,,
2026-05-24T09:17:30,Alex de Minaur vs Toby Samuel,ATP Roland Garros,09:00,,,,,,,,,,
2026-05-24T09:17:30,Alexander Bublik vs Jan-Lennard Struff,ATP Roland Garros,09:00,,,,,,,,,,
2026-05-24T09:17:30,Alexander Shevchenko vs Alex Michelsen,ATP Roland Garros,09:00,,,,,,,,,,
2026-05-24T09:17:30,Alexandre Muller vs Stefanos Tsitsipas,ATP Roland Garros,09:00,,,,,,,,,,
2026-05-24T09:17:30,Arthur Rinderknech vs Jurij Rodionov,ATP Roland Garros,09:00,,,,,,,,,,
2026-05-24T09:17:30,Vit Kopriva vs Corentin Moutet,ATP Roland Garros,09:00,,,,,,,,,,
2026-05-24T09:17:30,Felix Auger-Aliassime vs Daniel Altmaier,ATP Roland Garros,09:00,,,,,,,,,,
2026-05-24T09:17:30,Ethan Quinn vs Francisco Comesana,ATP Roland Garros,09:00,,,,,,,,,,
2026-05-24T09:17:30,Jacob Fearnley vs Juan Manuel Cerundolo,ATP Roland Garros,09:00,,,,,,,,,,
2026-05-24T09:17:30,Pablo Carreno Busta vs Jiri Lehecka,ATP Roland Garros,09:00,,,,,,,,,,
2026-05-24T09:17:30,Luca Van Assche vs Patrick Kypson,ATP Roland Garros,09:00,,,,,,,,,,
2026-05-24T09:17:30,Sebastian Ofner vs Luciano Darderi,ATP Roland Garros,09:00,,,,,,,,,,
2026-05-24T09:17:30,Marton Fucsovics vs Matteo Berrettini,ATP Roland Garros,09:00,,,,,,,,,,
2026-05-24T09:17:30,Tallon Griekspoor vs Matteo Arnaldi,ATP Roland Garros,09:00,,,,,,,,,,
2026-05-24T09:17:30,Eliot Spizzirri vs Frances Tiafoe,ATP Roland Garros,10:10,,,,,,,,,,
2026-05-24T09:17:30,Thanasi Kokkinakis vs Terence Atmane,ATP Roland Garros,10:40,,,,,,,,,,
2026-05-24T09:17:30,Roberto Bautista Agut vs Brandon Nakashima,ATP Roland Garros,11:00,,,,,,,,,,
2026-05-24T09:17:30,Stan Wawrinka vs Jesper De Jong,ATP Roland Garros,11:00,,,,,,,,,,
2026-05-24T09:17:30,Emilio Nava vs Camilo Ugo Carabelli,ATP Roland Garros,11:20,,,,,,,,,,
2026-05-24T09:17:30,Aleksandar Kovacevic vs Rafael Jodar,ATP Roland Garros,11:30,,,,,,,,,,
2026-05-24T09:17:30,Jaume Munar vs Hubert Hurkacz,ATP Roland Garros,11:30,,,,,,,,,,
2026-05-24T09:17:30,Casper Ruud vs Roman Safiullin,ATP Roland Garros,11:50,,,,,,,,,,
2026-05-24T09:17:30,Ugo Humbert vs Adrian Mannarino,ATP Roland Garros,12:20,,,,,,,,,,
2026-05-24T09:17:30,Raphael Collignon vs Aleksandar Vukic,ATP Roland Garros,13:00,,,,,,,,,,
2026-05-24T09:17:30,Flavio Cobolli vs Andrea Pellegrino,ATP Roland Garros,13:00,,,,,,,,,,
2026-05-24T09:17:30,Mariano Navone vs Jenson Brooksby,ATP Roland Garros,13:00,,,,,,,,,,
2026-05-24T09:17:30,Ignacio Buse vs Andrey Rublev,ATP Roland Garros,13:30,,,,,,,,,,
2026-05-24T09:17:30,Rinky Hijikata vs Tommy Paul,ATP Roland Garros,13:30,,,,,,,,,,
2026-05-24T09:17:30,Daniel Merida Aguilar vs Ben Shelton,ATP Roland Garros,15:30,,,,,,,,,,
2026-05-24T09:17:30,Francisco Cerundolo vs Botic van de Zandschulp,ATP Roland Garros,15:30,,,,,,,,,,
2026-05-24T09:17:30,Wu Yibing vs Marcos Giron,ATP Roland Garros,15:30,,,,,,,,,,
2026-05-24T09:17:30,Hugo Gaston vs Gael Monfils,ATP Roland Garros,18:15,,,,,,,,,,
2026-05-24T09:17:30,Adam Walton vs Daniil Medvedev,ATP Roland Garros,09:00,,,,,,,,,,
2026-05-24T09:17:30,Alexei Popyrin vs Zachary Svajda,ATP Roland Garros,09:00,,,,,,,,,,
2026-05-24T09:17:30,Cristian Garin vs Learner Tien,ATP Roland Garros,09:00,,,,,,,,,,
2026-05-24T09:17:30,Jaime Faria vs Denis Shapovalov,ATP Roland Garros,09:00,,,,,,,,,,
2026-05-24T09:17:30,Facundo Diaz Acosta vs Zhizhen Zhang,ATP Roland Garros,09:00,,,,,,,,,,
2026-05-24T09:17:30,Martin Landaluce vs Juan Carlos Prado Angelo,ATP Roland Garros,09:00,,,,,,,,,,
2026-05-24T09:17:30,Marin Cilic vs Moise Kouame,ATP Roland Garros,09:00,,,,,,,,,,
2026-05-24T09:17:30,Sebastian Baez vs Roman Andres Burruchaga,ATP Roland Garros,09:00,,,,,,,,,,
2026-05-24T09:17:30,Thomas Faurel vs Valentin Vacherot,ATP Roland Garros,09:00,,,,,,,,,,
2026-05-24T09:17:30,Emma Raducanu vs Solana Sierra,WTA Roland Garros,14:30,,,,,,,,,,
2026-05-24T09:17:30,Mirra Andreeva vs Fiona Ferro,WTA Roland Garros,14:30,,,,,,,,,,
2026-05-24T09:17:30,Sara Bejlek vs Sloane Stephens,WTA Roland Garros,14:30,,,,,,,,,,
2026-05-24T09:17:30,Sofia Kenin vs Peyton Stearns,WTA Roland Garros,14:45,,,,,,,,,,
2026-05-24T09:17:30,Magdalena Frech vs Elena Gabriela Ruse,WTA Roland Garros,15:00,,,,,,,,,,
2026-05-24T09:17:30,Marina Bassols Ribera vs Emiliana Arango,WTA Roland Garros,15:40,,,,,,,,,,
2026-05-24T09:17:30,Clara Tauson vs Daria Snigur,WTA Roland Garros,16:00,,,,,,,,,,
2026-05-24T09:17:30,Iva Jović vs Alexandra Eala,WTA Roland Garros,09:00,,,,,,,,,,
2026-05-24T09:17:30,Anhelina Kalinina vs Diane Parry,WTA Roland Garros,09:00,,,,,,,,,,
2026-05-24T09:17:30,Ann Li vs Shuai Zhang,WTA Roland Garros,09:00,,,,,,,,,,
2026-05-24T09:17:30,Anna Kalinskaya vs Lois Boisson,WTA Roland Garros,09:00,,,,,,,,,,
2026-05-24T09:17:30,Aryna Sabalenka vs Jessica Bouzas Maneiro,WTA Roland Garros,09:00,,,,,,,,,,
2026-05-24T09:17:30,Coco Gauff vs Taylor Townsend,WTA Roland Garros,09:00,,,,,,,,,,
2026-05-24T09:17:30,Susan Bandecchi vs Cristina Bucsa,WTA Roland Garros,09:00,,,,,,,,,,
2026-05-24T09:17:30,Daria Kasatkina vs Zeynep Sonmez,WTA Roland Garros,09:00,,,,,,,,,,
2026-05-24T09:17:30,Jasmine Paolini vs Dayana Yastremska,WTA Roland Garros,09:00,,,,,,,,,,
2026-05-24T09:17:30,Emma Navarro vs Janice Tjen,WTA Roland Garros,09:00,,,,,,,,,,
2026-05-24T09:17:30,Hanne Vandewinkel vs Madison Keys,WTA Roland Garros,09:00,,,,,,,,,,
2026-05-24T09:17:30,Kimberly Birrell vs Jessica Pegula,WTA Roland Garros,09:00,,,,,,,,,,
2026-05-24T09:17:30,Liudmila Samsonova vs Jil Teichmann,WTA Roland Garros,09:00,,,,,,,,,,
2026-05-24T09:17:30,Simona Waltert vs Katerina Siniakova,WTA Roland Garros,09:00,,,,,,,,,,
2026-05-24T09:17:30,Ksenia Efremova vs Sorana Cirstea,WTA Roland Garros,09:00,,,,,,,,,,
2026-05-24T09:17:30,Linda Noskova vs Maria Sakkari,WTA Roland Garros,09:00,,,,,,,,,,
2026-05-24T09:17:30,Maja Chwalinska vs Qinwen Zheng,WTA Roland Garros,09:00,,,,,,,,,,
2026-05-24T09:17:30,Julia Grabher vs Rebecca Sramkova,WTA Roland Garros,10:10,,,,,,,,,,
2026-05-24T09:17:30,Elina Svitolina vs Anna Bondár,WTA Roland Garros,10:40,,,,,,,,,,
2026-05-24T09:17:30,Petra Marcinko vs Eva Lys,WTA Roland Garros,11:00,,,,,,,,,,
2026-05-24T09:17:30,Maya Joint vs Anastasia Potapova,WTA Roland Garros,11:30,,,,,,,,,,
2026-05-24T09:17:30,Tatjana Maria vs Elise Mertens,WTA Roland Garros,11:30,,,,,,,,,,
2026-05-24T09:17:30,Kaitlin Quevedo vs Leolia Jeanjean,WTA Roland Garros,11:50,,,,,,,,,,
2026-05-24T09:17:30,Veronika Erjavec vs Elena Rybakina,WTA Roland Garros,12:00,,,,,,,,,,
2026-05-24T09:17:30,Akasha Urhobo vs Katie Boulter,WTA Roland Garros,12:20,,,,,,,,,,
2026-05-24T09:17:30,Tiantsoa Sarah Rajaonah vs Amanda Anisimova,WTA Roland Garros,13:30,,,,,,,,,,
2026-05-24T09:17:30,Guo Hanyu vs McCartney Kessler,WTA Roland Garros,13:30,,,,,,,,,,
2026-05-24T09:17:30,Panna Udvardy vs Viktorija Golubic,WTA Roland Garros,13:30,,,,,,,,,,
2026-05-24T09:17:30,Jelena Ostapenko vs Ella Seidel,WTA Roland Garros,14:00,,,,,,,,,,
2026-05-24T09:17:30,Talia Gibson vs Yulia Putintseva,WTA Roland Garros,14:00,,,,,,,,,,
2026-05-24T09:17:30,Alycia Parks vs Leylah Fernandez,WTA Roland Garros,16:00,,,,,,,,,,
2026-05-24T09:17:30,Anastasia Zakharova vs Karolina Muchova,WTA Roland Garros,16:00,,,,,,,,,,
2026-05-24T09:17:30,Diana Shnaider vs Renata Zarazua,WTA Roland Garros,16:00,,,,,,,,,,
2026-05-24T09:17:30,Maria Camila Osorio Serrano vs Ekaterina Alexandrova,WTA Roland Garros,16:00,,,,,,,,,,
2026-05-24T09:17:30,Kamilla Rakhimova vs Jaqueline Cristian,WTA Roland Garros,16:00,,,,,,,,,,
2026-05-24T09:17:30,Donna Vekic vs Alice Tubello,WTA Roland Garros,09:00,,,,,,,,,,
2026-05-24T09:17:30,Alina Korneeva vs Elisabetta Cocciaretto,WTA Roland Garros,09:00,,,,,,,,,,
2026-05-24T09:17:30,Antonia Ruzic vs Ashlyn Krueger,WTA Roland Garros,09:00,,,,,,,,,,
2026-05-24T09:17:30,Claire Liu vs Moyuka Uchijima,WTA Roland Garros,09:00,,,,,,,,,,
2026-05-24T09:17:30,Dalma Galfi vs Mayar Sherif,WTA Roland Garros,09:00,,,,,,,,,,
2026-05-24T09:17:30,Elena Pridankina vs Oleksandra Oliynykova,WTA Roland Garros,09:00,,,,,,,,,,
2026-05-24T09:17:30,Linda Fruhvirtova vs Elsa Jacquemot,WTA Roland Garros,09:00,,,,,,,,,,
2026-05-24T09:17:30,Laura Siegemund vs Naomi Osaka,WTA Roland Garros,09:00,,,,,,,,,,
2026-05-24T09:17:30,Louisville Kings vs Dallas Renegades,UFL,20:00,,,,,,,,,,
2026-05-24T09:17:30,Houston Gamblers vs St. Louis Battlehawks,UFL,23:00,,,,,,,,,,
2026-05-24T09:18:47,Crystal Palace vs Arsenal,Premier League,15:00,4.02,Pinnacle,3.7,Pinnacle,1.96,Pinnacle,,,,
2026-05-24T09:18:47,Manchester City vs Aston Villa,Premier League,15:00,1.41,Pinnacle,5.25,Unibet,7.32,Pinnacle,,,,
2026-05-24T09:18:47,Nottingham Forest vs Bournemouth,Premier League,15:00,3.69,Pinnacle,3.76,Pinnacle,2.03,Pinnacle,,,,
2026-05-24T09:18:47,Liverpool vs Brentford,Premier League,15:00,1.85,Pinnacle,4.05,Pinnacle,4.11,Pinnacle,,,,
2026-05-24T09:18:47,Brighton and Hove Albion vs Manchester United,Premier League,15:00,1.93,Pinnacle,4.23,Pinnacle,3.67,Pinnacle,,,,
2026-05-24T09:18:47,Burnley vs Wolverhampton Wanderers,Premier League,15:00,2.54,Pinnacle,3.52,Pinnacle,2.86,Pinnacle,,,,
2026-05-24T09:18:47,Sunderland vs Chelsea,Premier League,15:00,3.61,Pinnacle,3.78,Pinnacle,2.05,Pinnacle,,,,
2026-05-24T09:18:47,Tottenham Hotspur vs Everton,Premier League,15:00,1.94,Pinnacle,3.5,Pinnacle,4.36,Pinnacle,2.04,Pinnacle,1.87,Pinnacle
2026-05-24T09:18:47,Fulham vs Newcastle United,Premier League,15:00,2.64,Pinnacle,3.65,Pinnacle,2.67,Pinnacle,,,,
2026-05-24T09:18:47,West Ham United vs Leeds United,Premier League,15:00,1.72,Pinnacle,4.24,Pinnacle,4.65,Pinnacle,,,,
2026-05-24T09:18:47,Villarreal vs Atlético Madrid,La Liga,19:00,2.56,Pinnacle,3.93,Pinnacle,2.61,Pinnacle,,,,
2026-05-24T09:18:47,SC Paderborn vs VfL Wolfsburg,Bundesliga,18:30,3.4,Unibet,3.65,Pinnacle,2.08,Pinnacle,1.87,Pinnacle,1.99,Pinnacle
2026-05-24T09:18:47,Napoli vs Udinese,Serie A,16:00,1.47,Pinnacle,4.48,Pinnacle,7.73,Pinnacle,1.87,Pinnacle,2.04,Pinnacle
2026-05-24T09:18:47,AC Milan vs Cagliari,Serie A,18:45,1.33,Pinnacle,5.4,Pinnacle,10.39,Pinnacle,,,,
2026-05-24T09:18:47,Hellas Verona vs AS Roma,Serie A,18:45,9.88,Pinnacle,5.06,Pinnacle,1.36,Pinnacle,1.88,Pinnacle,2.03,Pinnacle
2026-05-24T09:18:47,Cremonese vs Como,Serie A,18:45,6.75,Pinnacle,4.66,Pinnacle,1.49,Pinnacle,,,,
2026-05-24T09:18:47,Lecce vs Genoa,Serie A,18:45,1.87,Pinnacle,3.45,Pinnacle,4.88,Pinnacle,,,,
2026-05-24T09:18:47,Torino vs Juventus,Serie A,18:45,6.79,Pinnacle,4.32,Pinnacle,1.52,Pinnacle,1.85,Pinnacle,2.06,Pinnacle
2026-05-24T09:18:47,Saint Etienne vs Nice,Ligue 1,18:45,2.28,Unibet,3.61,Pinnacle,3.07,Pinnacle,,,,
2026-05-24T09:18:47,LDU Quito vs Club Always Ready,Copa Libertadores,22:00,1.37,Unibet,5.26,Pinnacle,8.07,Pinnacle,,,,
2026-05-24T09:18:47,Lanus vs Mirassol,Copa Libertadores,22:00,1.76,Unibet,3.47,Pinnacle,5.4,Pinnacle,,,,
2026-05-24T09:18:47,Club Universitario de Deportes vs Deportes Tolima,Copa Libertadores,00:30,1.88,Pinnacle,3.3,Unibet,4.56,Pinnacle,,,,
2026-05-24T09:18:47,Nacional de Montevideo vs Coquimbo Unido,Copa Libertadores,00:30,1.83,Unibet,3.48,Pinnacle,4.81,Pinnacle,,,,
2026-05-24T09:18:47,Flamengo-RJ vs Cusco FC,Copa Libertadores,00:30,1.12,Unibet,9.48,Pinnacle,21.68,Pinnacle,,,,
2026-05-24T09:18:47,Estudiantes La Plata vs Independiente Medellín,Copa Libertadores,00:30,1.63,Unibet,3.72,Pinnacle,5.88,Pinnacle,,,,
2026-05-24T09:18:47,Sao Paulo vs CA Boston River,Copa Sudamericana,22:00,1.2,William Hill,7.0,Unibet,19.0,Unibet,,,,
2026-05-24T09:18:47,Palestino vs Deportivo Riestra,Copa Sudamericana,22:00,2.28,Unibet,3.12,Pinnacle,3.42,Pinnacle,,,,
2026-05-24T09:18:47,Grêmio vs Montevideo City Torque,Copa Sudamericana,22:00,1.53,Unibet,4.14,Pinnacle,6.26,Pinnacle,1.92,Unibet,1.89,Pinnacle
2026-05-24T09:18:47,Millonarios vs O'Higgins,Copa Sudamericana,22:00,1.62,William Hill,3.8,Unibet,5.75,Unibet,,,,
2026-05-24T09:18:47,Santos vs C.D. Cuenca,Copa Sudamericana,00:30,1.31,Pinnacle,5.1,Unibet,10.0,Unibet,,,,
2026-05-24T09:18:47,San Lorenzo vs Recoleta FC,Copa Sudamericana,00:30,1.37,Unibet,4.4,Pinnacle,9.5,Unibet,,,,
2026-05-24T09:18:47,Notts County vs Salford City,League Two,14:00,2.73,Pinnacle,3.15,Unibet,2.8,Unibet,,,,
2026-05-24T09:18:47,Greuther Fürth vs Rot-Weiss Essen,2. Bundesliga,18:30,1.89,Pinnacle,4.07,Pinnacle,3.63,Pinnacle,,,,
2026-05-24T09:18:47,US Catanzaro 1929 vs Monza,Serie B,18:00,2.82,Pinnacle,3.25,Unibet,2.85,Pinnacle,,,,
2026-05-24T09:18:47,Sporting Gijón vs Almería,Segunda División,16:30,3.9,Unibet,3.89,Pinnacle,1.99,Pinnacle,,,,
2026-05-24T09:18:47,Cultural Leonesa vs Burgos CF,Segunda División,16:30,3.07,Pinnacle,3.34,Pinnacle,2.55,Unibet,,,,
2026-05-24T09:18:47,SD Huesca vs CD Castellón,Segunda División,16:30,4.5,Unibet,4.19,Pinnacle,1.74,Pinnacle,,,,
2026-05-24T09:18:47,CD Mirandés vs Granada CF,Segunda División,16:30,1.51,Unibet,4.49,Pinnacle,7.19,Pinnacle,,,,
2026-05-24T09:18:47,Cádiz CF vs Leganés,Segunda División,16:30,2.64,Pinnacle,3.3,Unibet,2.99,Pinnacle,,,,
2026-05-24T09:18:47,SD Eibar vs Córdoba,Segunda División,16:30,1.68,Unibet,4.21,Pinnacle,4.91,Pinnacle,,,,
2026-05-24T09:18:47,Real Valladolid CF vs Deportivo La Coruña,Segunda División,16:30,5.0,Pinnacle,3.7,Unibet,1.76,Pinnacle,1.98,Pinnacle,1.88,Pinnacle
2026-05-24T09:18:47,Las Palmas vs Zaragoza,Segunda División,16:30,1.41,Unibet,4.79,Pinnacle,8.93,Pinnacle,1.83,Pinnacle,2.05,Unibet
2026-05-24T09:18:47,Málaga vs Real Racing Club de Santander,Segunda División,16:30,1.69,Pinnacle,4.39,Pinnacle,4.6,Unibet,,,,
2026-05-24T09:18:47,Rapid Wien vs Ried,Austria Bundesliga,15:00,2.06,Pinnacle,3.52,Pinnacle,3.55,Pinnacle,1.99,Pinnacle,1.87,Pinnacle
2026-05-24T09:18:47,Union Saint-Gilloise vs Anderlecht,Belgian First Div,16:30,1.55,Pinnacle,4.27,Pinnacle,5.69,Pinnacle,,,,
2026-05-24T09:18:47,Club Brugge vs Gent,Belgian First Div,16:30,1.65,Pinnacle,4.65,Pinnacle,4.4,Unibet,,,,
2026-05-24T09:18:47,Sint Truiden vs KV Mechelen,Belgian First Div,16:30,2.04,Pinnacle,3.99,Pinnacle,3.5,Unibet,,,,
2026-05-24T09:18:47,Remo vs Atletico Paranaense,Brasileirao,19:00,2.47,Pinnacle,3.25,Unibet,3.12,Pinnacle,,,,
2026-05-24T09:18:47,Cruzeiro vs Chapecoense,Brasileirao,19:00,1.3,William Hill,5.95,Pinnacle,10.65,Pinnacle,,,,
2026-05-24T09:18:47,Corinthians vs Atletico Mineiro,Brasileirao,21:30,1.79,Pinnacle,3.48,Pinnacle,5.33,Pinnacle,,,,
2026-05-24T09:18:47,Vasco da Gama vs Bragantino-SP,Brasileirao,23:30,1.97,Pinnacle,3.49,Pinnacle,4.17,Pinnacle,,,,
2026-05-24T09:18:47,Coritiba vs Bahia,Brasileirao,23:00,2.72,Pinnacle,3.3,Pinnacle,2.66,Pinnacle,2.07,Unibet,1.83,Pinnacle
2026-05-24T09:18:47,Atletico Goianiense vs São Bernardo,Brasileirao B,19:00,1.95,William Hill,3.3,Unibet,4.67,Pinnacle,,,,
2026-05-24T09:18:47,Clube de Regatas Brasil vs Ponte Preta,Brasileirao B,19:30,1.52,Unibet,4.27,Pinnacle,7.18,Pinnacle,2.0,Pinnacle,1.88,Unibet
2026-05-24T09:18:47,América Mineiro vs Vila Nova,Brasileirao B,21:30,2.23,Pinnacle,3.27,Pinnacle,3.52,Pinnacle,,,,
2026-05-24T09:18:47,Avai vs Goiás,Brasileirao B,22:00,2.33,Pinnacle,3.3,Unibet,3.42,Pinnacle,,,,
2026-05-24T09:18:47,Operario PR vs Criciuma,Brasileirao B,23:30,2.29,Pinnacle,3.15,Unibet,3.59,Pinnacle,,,,
2026-05-24T09:18:47,Botafogo vs Athletic Club (MG),Brasileirao B,22:00,2.08,Unibet,3.16,Pinnacle,4.0,Unibet,,,,
2026-05-24T09:18:47,River Plate vs Belgrano de Cordoba,Liga Profesional,18:30,2.22,Pinnacle,3.0,Unibet,4.3,Unibet,,,,
2026-05-24T09:18:47,Pumas vs Cruz Azul,Liga MX,01:00,3.18,Pinnacle,3.35,Pinnacle,2.4,Unibet,2.05,Pinnacle,1.86,Unibet
2026-05-24T09:18:47,Columbus Crew SC vs Atlanta United FC,MLS,21:00,1.58,Pinnacle,4.5,Unibet,6.0,Unibet,,,,
2026-05-24T09:18:47,Inter Miami CF vs Philadelphia Union,MLS,23:00,1.4,Unibet,5.77,Pinnacle,6.66,Pinnacle,,,,
2026-05-24T09:18:47,Los Angeles FC vs Seattle Sounders FC,MLS,01:15,2.03,Pinnacle,3.82,Pinnacle,3.75,Unibet,,,,
2026-05-24T09:18:47,Deportes Concepción vs Huachipato,Campeonato Chileno,16:30,2.58,Pinnacle,3.25,Unibet,3.2,Unibet,,,,
2026-05-24T09:18:47,La Serena vs Deportes Limache,Campeonato Chileno,19:00,2.59,Pinnacle,3.57,Pinnacle,2.7,Unibet,,,,
2026-05-24T09:18:47,Universidad Católica (CHI) vs Colo Colo,Campeonato Chileno,22:00,2.59,Pinnacle,3.28,Pinnacle,2.87,Pinnacle,2.04,Pinnacle,1.84,Pinnacle
2026-05-24T09:18:47,Kristiansund BK vs Viking FK,Eliteserien,16:00,6.25,Unibet,4.94,Pinnacle,1.54,Pinnacle,,,,
2026-05-24T09:18:47,IK Start vs Vålerenga,Eliteserien,12:30,2.95,Unibet,3.89,Pinnacle,2.27,Pinnacle,,,,
2026-05-24T09:18:47,Tromso vs Aalesund,Eliteserien,15:00,1.44,William Hill,4.88,Pinnacle,6.75,Unibet,,,,
2026-05-24T09:18:47,HamKam vs Lillestrom,Eliteserien,15:00,2.96,Pinnacle,3.63,Pinnacle,2.3,Pinnacle,,,,
2026-05-24T09:18:47,KFUM vs Rosenborg,Eliteserien,15:00,2.33,Unibet,3.63,Pinnacle,2.96,Pinnacle,,,,
2026-05-24T09:18:47,Sarpsborg FK vs Molde,Eliteserien,15:00,2.57,Pinnacle,3.92,Pinnacle,2.48,Pinnacle,,,,
2026-05-24T09:18:47,Sandefjord vs Fredrikstad FK,Eliteserien,17:15,1.85,Pinnacle,4.05,Pinnacle,3.79,Pinnacle,,,,
2026-05-24T09:18:47,Malmo FF vs Västerås SK,Allsvenskan,14:30,1.76,Pinnacle,3.92,Pinnacle,4.46,Pinnacle,,,,
2026-05-24T09:18:47,IF Elfsborg vs BK Hacken,Allsvenskan,17:00,2.93,Pinnacle,3.37,Pinnacle,2.4,William Hill,1.84,Pinnacle,2.0,Unibet
2026-05-24T09:18:47,IFK Goteborg vs Mjällby AIF,Allsvenskan,17:00,2.88,Unibet,3.2,Unibet,2.68,Pinnacle,2.0,William Hill,1.83,Pinnacle
2026-05-24T09:18:47,Sandvikens IF vs Landskrona BoIS,Superettan,15:00,2.51,Pinnacle,3.58,Pinnacle,2.71,Pinnacle,,,,
2026-05-24T09:18:47,IFK Norrkoping vs Östers IF,Superettan,17:05,1.65,William Hill,4.35,Pinnacle,4.7,Unibet,,,,
2026-05-24T09:18:47,Örebro SK vs Helsingborgs IF,Superettan,17:00,2.27,Pinnacle,3.39,Pinnacle,3.07,Pinnacle,1.83,Pinnacle,1.96,Pinnacle
2026-05-24T09:18:47,Derry City vs Shelbourne Dublin,League of Ireland,18:45,2.47,Pinnacle,3.31,Pinnacle,2.88,Unibet,,,,
2026-05-24T09:18:47,Bohemians vs Shamrock Rovers,League of Ireland,19:00,2.42,Pinnacle,3.34,Pinnacle,3.1,Unibet,,,,
2026-05-24T09:18:47,San Antonio Spurs vs Oklahoma City Thunder,NBA,00:10,,,,,,,,,,
2026-05-24T09:18:47,Cleveland Cavaliers vs New York Knicks,NBA,00:10,,,,,,,,,,
2026-05-24T09:18:47,Olympiacos vs Real Madrid,Euroleague,18:00,,,,,,,,,,
2026-05-24T09:18:47,Toronto Blue Jays vs Pittsburgh Pirates,MLB,16:16,,,,,,,,,,
2026-05-24T09:18:47,Baltimore Orioles vs Detroit Tigers,MLB,16:36,,,,,,,,,,
2026-05-24T09:18:47,Boston Red Sox vs Minnesota Twins,MLB,17:36,,,,,,,,,,
2026-05-24T09:18:47,Philadelphia Phillies vs Cleveland Guardians,MLB,17:36,,,,,,,,,,
2026-05-24T09:18:47,New York Yankees vs Tampa Bay Rays,MLB,17:36,,,,,,,,,,
2026-05-24T09:18:47,Cincinnati Reds vs St. Louis Cardinals,MLB,17:41,,,,,,,,,,
2026-05-24T09:18:47,Miami Marlins vs New York Mets,MLB,17:41,,,,,,,,,,
2026-05-24T09:18:47,Kansas City Royals vs Seattle Mariners,MLB,18:11,,,,,,,,,,
2026-05-24T09:18:47,Milwaukee Brewers vs Los Angeles Dodgers,MLB,18:11,,,,,,,,,,
2026-05-24T09:18:47,Chicago Cubs vs Houston Astros,MLB,18:21,,,,,,,,,,
2026-05-24T09:18:47,San Francisco Giants vs Chicago White Sox,MLB,20:06,,,,,,,,,,
2026-05-24T09:18:47,Arizona Diamondbacks vs Colorado Rockies,MLB,20:11,,,,,,,,,,
2026-05-24T09:18:47,San Diego Padres vs Athletics,MLB,20:11,,,,,,,,,,
2026-05-24T09:18:47,Atlanta Braves vs Washington Nationals,MLB,20:11,,,,,,,,,,
2026-05-24T09:18:47,Baltimore Orioles vs Detroit Tigers,MLB,22:06,,,,,,,,,,
2026-05-24T09:18:47,Los Angeles Angels vs Texas Rangers,MLB,23:21,,,,,,,,,,
2026-05-24T09:18:47,Vegas Golden Knights vs Colorado Avalanche,NHL,00:20,,,,,,,,,,
2026-05-24T09:18:47,Montréal Canadiens vs Carolina Hurricanes,NHL,00:00,,,,,,,,,,
2026-05-24T09:18:47,Quentin Halys vs Mattia Bellucci,ATP Roland Garros,14:30,,,,,,,,,,
2026-05-24T09:18:47,Taylor Fritz vs Nishesh Basavareddy,ATP Roland Garros,14:33,,,,,,,,,,
2026-05-24T09:18:47,Joao Fonseca vs Luka Pavlovic,ATP Roland Garros,14:50,,,,,,,,,,
2026-05-24T09:18:47,Alexander Blockx vs Chak Lam Coleman Wong,ATP Roland Garros,15:24,,,,,,,,,,
2026-05-24T09:18:47,Hamad Medjedovic vs Yannick Hanfmann,ATP Roland Garros,15:30,,,,,,,,,,
2026-05-24T09:18:47,Lorenzo Sonego vs Pierre-Hugues Herbert,ATP Roland Garros,15:55,,,,,,,,,,
2026-05-24T09:18:47,Hugo Dellien vs Valentin Royer,ATP Roland Garros,16:10,,,,,,,,,,
2026-05-24T09:18:47,Giovanni Mpetshi Perricard vs Novak Djokovic,ATP Roland Garros,18:15,,,,,,,,,,
2026-05-24T09:18:47,Cameron Norrie vs Adolfo Daniel Vallejo,ATP Roland Garros,09:00,,,,,,,,,,
2026-05-24T09:18:47,Alejandro Tabilo vs Kamil Majchrzak,ATP Roland Garros,09:00,,,,,,,,,,
2026-05-24T09:18:47,Alex de Minaur vs Toby Samuel,ATP Roland Garros,09:00,,,,,,,,,,
2026-05-24T09:18:47,Alexander Bublik vs Jan-Lennard Struff,ATP Roland Garros,09:00,,,,,,,,,,
2026-05-24T09:18:47,Alexander Shevchenko vs Alex Michelsen,ATP Roland Garros,09:00,,,,,,,,,,
2026-05-24T09:18:47,Alexandre Muller vs Stefanos Tsitsipas,ATP Roland Garros,09:00,,,,,,,,,,
2026-05-24T09:18:47,Arthur Rinderknech vs Jurij Rodionov,ATP Roland Garros,09:00,,,,,,,,,,
2026-05-24T09:18:47,Vit Kopriva vs Corentin Moutet,ATP Roland Garros,09:00,,,,,,,,,,
2026-05-24T09:18:47,Felix Auger-Aliassime vs Daniel Altmaier,ATP Roland Garros,09:00,,,,,,,,,,
2026-05-24T09:18:47,Ethan Quinn vs Francisco Comesana,ATP Roland Garros,09:00,,,,,,,,,,
2026-05-24T09:18:47,Jacob Fearnley vs Juan Manuel Cerundolo,ATP Roland Garros,09:00,,,,,,,,,,
2026-05-24T09:18:47,Pablo Carreno Busta vs Jiri Lehecka,ATP Roland Garros,09:00,,,,,,,,,,
2026-05-24T09:18:47,Luca Van Assche vs Patrick Kypson,ATP Roland Garros,09:00,,,,,,,,,,
2026-05-24T09:18:47,Sebastian Ofner vs Luciano Darderi,ATP Roland Garros,09:00,,,,,,,,,,
2026-05-24T09:18:47,Marton Fucsovics vs Matteo Berrettini,ATP Roland Garros,09:00,,,,,,,,,,
2026-05-24T09:18:47,Tallon Griekspoor vs Matteo Arnaldi,ATP Roland Garros,09:00,,,,,,,,,,
2026-05-24T09:18:47,Eliot Spizzirri vs Frances Tiafoe,ATP Roland Garros,10:10,,,,,,,,,,
2026-05-24T09:18:47,Thanasi Kokkinakis vs Terence Atmane,ATP Roland Garros,10:40,,,,,,,,,,
2026-05-24T09:18:47,Roberto Bautista Agut vs Brandon Nakashima,ATP Roland Garros,11:00,,,,,,,,,,
2026-05-24T09:18:47,Stan Wawrinka vs Jesper De Jong,ATP Roland Garros,11:00,,,,,,,,,,
2026-05-24T09:18:47,Emilio Nava vs Camilo Ugo Carabelli,ATP Roland Garros,11:20,,,,,,,,,,
2026-05-24T09:18:47,Aleksandar Kovacevic vs Rafael Jodar,ATP Roland Garros,11:30,,,,,,,,,,
2026-05-24T09:18:47,Jaume Munar vs Hubert Hurkacz,ATP Roland Garros,11:30,,,,,,,,,,
2026-05-24T09:18:47,Casper Ruud vs Roman Safiullin,ATP Roland Garros,11:50,,,,,,,,,,
2026-05-24T09:18:47,Ugo Humbert vs Adrian Mannarino,ATP Roland Garros,12:20,,,,,,,,,,
2026-05-24T09:18:47,Raphael Collignon vs Aleksandar Vukic,ATP Roland Garros,13:00,,,,,,,,,,
2026-05-24T09:18:47,Flavio Cobolli vs Andrea Pellegrino,ATP Roland Garros,13:00,,,,,,,,,,
2026-05-24T09:18:47,Mariano Navone vs Jenson Brooksby,ATP Roland Garros,13:00,,,,,,,,,,
2026-05-24T09:18:47,Ignacio Buse vs Andrey Rublev,ATP Roland Garros,13:30,,,,,,,,,,
2026-05-24T09:18:47,Rinky Hijikata vs Tommy Paul,ATP Roland Garros,13:30,,,,,,,,,,
2026-05-24T09:18:47,Daniel Merida Aguilar vs Ben Shelton,ATP Roland Garros,15:30,,,,,,,,,,
2026-05-24T09:18:47,Francisco Cerundolo vs Botic van de Zandschulp,ATP Roland Garros,15:30,,,,,,,,,,
2026-05-24T09:18:47,Wu Yibing vs Marcos Giron,ATP Roland Garros,15:30,,,,,,,,,,
2026-05-24T09:18:47,Hugo Gaston vs Gael Monfils,ATP Roland Garros,18:15,,,,,,,,,,
2026-05-24T09:18:47,Adam Walton vs Daniil Medvedev,ATP Roland Garros,09:00,,,,,,,,,,
2026-05-24T09:18:47,Alexei Popyrin vs Zachary Svajda,ATP Roland Garros,09:00,,,,,,,,,,
2026-05-24T09:18:47,Cristian Garin vs Learner Tien,ATP Roland Garros,09:00,,,,,,,,,,
2026-05-24T09:18:47,Jaime Faria vs Denis Shapovalov,ATP Roland Garros,09:00,,,,,,,,,,
2026-05-24T09:18:47,Facundo Diaz Acosta vs Zhizhen Zhang,ATP Roland Garros,09:00,,,,,,,,,,
2026-05-24T09:18:47,Martin Landaluce vs Juan Carlos Prado Angelo,ATP Roland Garros,09:00,,,,,,,,,,
2026-05-24T09:18:47,Marin Cilic vs Moise Kouame,ATP Roland Garros,09:00,,,,,,,,,,
2026-05-24T09:18:47,Sebastian Baez vs Roman Andres Burruchaga,ATP Roland Garros,09:00,,,,,,,,,,
2026-05-24T09:18:47,Thomas Faurel vs Valentin Vacherot,ATP Roland Garros,09:00,,,,,,,,,,
2026-05-24T09:18:47,Emma Raducanu vs Solana Sierra,WTA Roland Garros,14:30,,,,,,,,,,
2026-05-24T09:18:47,Mirra Andreeva vs Fiona Ferro,WTA Roland Garros,14:30,,,,,,,,,,
2026-05-24T09:18:47,Sara Bejlek vs Sloane Stephens,WTA Roland Garros,14:30,,,,,,,,,,
2026-05-24T09:18:47,Sofia Kenin vs Peyton Stearns,WTA Roland Garros,14:45,,,,,,,,,,
2026-05-24T09:18:47,Magdalena Frech vs Elena Gabriela Ruse,WTA Roland Garros,15:00,,,,,,,,,,
2026-05-24T09:18:47,Marina Bassols Ribera vs Emiliana Arango,WTA Roland Garros,15:40,,,,,,,,,,
2026-05-24T09:18:47,Clara Tauson vs Daria Snigur,WTA Roland Garros,16:00,,,,,,,,,,
2026-05-24T09:18:47,Iva Jović vs Alexandra Eala,WTA Roland Garros,09:00,,,,,,,,,,
2026-05-24T09:18:47,Anhelina Kalinina vs Diane Parry,WTA Roland Garros,09:00,,,,,,,,,,
2026-05-24T09:18:47,Ann Li vs Shuai Zhang,WTA Roland Garros,09:00,,,,,,,,,,
2026-05-24T09:18:47,Anna Kalinskaya vs Lois Boisson,WTA Roland Garros,09:00,,,,,,,,,,
2026-05-24T09:18:47,Aryna Sabalenka vs Jessica Bouzas Maneiro,WTA Roland Garros,09:00,,,,,,,,,,
2026-05-24T09:18:47,Coco Gauff vs Taylor Townsend,WTA Roland Garros,09:00,,,,,,,,,,
2026-05-24T09:18:47,Susan Bandecchi vs Cristina Bucsa,WTA Roland Garros,09:00,,,,,,,,,,
2026-05-24T09:18:47,Daria Kasatkina vs Zeynep Sonmez,WTA Roland Garros,09:00,,,,,,,,,,
2026-05-24T09:18:47,Jasmine Paolini vs Dayana Yastremska,WTA Roland Garros,09:00,,,,,,,,,,
2026-05-24T09:18:47,Emma Navarro vs Janice Tjen,WTA Roland Garros,09:00,,,,,,,,,,
2026-05-24T09:18:47,Hanne Vandewinkel vs Madison Keys,WTA Roland Garros,09:00,,,,,,,,,,
2026-05-24T09:18:47,Kimberly Birrell vs Jessica Pegula,WTA Roland Garros,09:00,,,,,,,,,,
2026-05-24T09:18:47,Liudmila Samsonova vs Jil Teichmann,WTA Roland Garros,09:00,,,,,,,,,,
2026-05-24T09:18:47,Simona Waltert vs Katerina Siniakova,WTA Roland Garros,09:00,,,,,,,,,,
2026-05-24T09:18:47,Ksenia Efremova vs Sorana Cirstea,WTA Roland Garros,09:00,,,,,,,,,,
2026-05-24T09:18:47,Linda Noskova vs Maria Sakkari,WTA Roland Garros,09:00,,,,,,,,,,
2026-05-24T09:18:47,Maja Chwalinska vs Qinwen Zheng,WTA Roland Garros,09:00,,,,,,,,,,
2026-05-24T09:18:47,Julia Grabher vs Rebecca Sramkova,WTA Roland Garros,10:10,,,,,,,,,,
2026-05-24T09:18:47,Elina Svitolina vs Anna Bondár,WTA Roland Garros,10:40,,,,,,,,,,
2026-05-24T09:18:47,Petra Marcinko vs Eva Lys,WTA Roland Garros,11:00,,,,,,,,,,
2026-05-24T09:18:47,Maya Joint vs Anastasia Potapova,WTA Roland Garros,11:30,,,,,,,,,,
2026-05-24T09:18:47,Tatjana Maria vs Elise Mertens,WTA Roland Garros,11:30,,,,,,,,,,
2026-05-24T09:18:47,Kaitlin Quevedo vs Leolia Jeanjean,WTA Roland Garros,11:50,,,,,,,,,,
2026-05-24T09:18:47,Veronika Erjavec vs Elena Rybakina,WTA Roland Garros,12:00,,,,,,,,,,
2026-05-24T09:18:47,Akasha Urhobo vs Katie Boulter,WTA Roland Garros,12:20,,,,,,,,,,
2026-05-24T09:18:47,Tiantsoa Sarah Rajaonah vs Amanda Anisimova,WTA Roland Garros,13:30,,,,,,,,,,
2026-05-24T09:18:47,Guo Hanyu vs McCartney Kessler,WTA Roland Garros,13:30,,,,,,,,,,
2026-05-24T09:18:47,Panna Udvardy vs Viktorija Golubic,WTA Roland Garros,13:30,,,,,,,,,,
2026-05-24T09:18:47,Jelena Ostapenko vs Ella Seidel,WTA Roland Garros,14:00,,,,,,,,,,
2026-05-24T09:18:47,Talia Gibson vs Yulia Putintseva,WTA Roland Garros,14:00,,,,,,,,,,
2026-05-24T09:18:47,Alycia Parks vs Leylah Fernandez,WTA Roland Garros,16:00,,,,,,,,,,
2026-05-24T09:18:47,Anastasia Zakharova vs Karolina Muchova,WTA Roland Garros,16:00,,,,,,,,,,
2026-05-24T09:18:47,Diana Shnaider vs Renata Zarazua,WTA Roland Garros,16:00,,,,,,,,,,
2026-05-24T09:18:47,Maria Camila Osorio Serrano vs Ekaterina Alexandrova,WTA Roland Garros,16:00,,,,,,,,,,
2026-05-24T09:18:47,Kamilla Rakhimova vs Jaqueline Cristian,WTA Roland Garros,16:00,,,,,,,,,,
2026-05-24T09:18:47,Donna Vekic vs Alice Tubello,WTA Roland Garros,09:00,,,,,,,,,,
2026-05-24T09:18:47,Alina Korneeva vs Elisabetta Cocciaretto,WTA Roland Garros,09:00,,,,,,,,,,
2026-05-24T09:18:47,Antonia Ruzic vs Ashlyn Krueger,WTA Roland Garros,09:00,,,,,,,,,,
2026-05-24T09:18:47,Claire Liu vs Moyuka Uchijima,WTA Roland Garros,09:00,,,,,,,,,,
2026-05-24T09:18:47,Dalma Galfi vs Mayar Sherif,WTA Roland Garros,09:00,,,,,,,,,,
2026-05-24T09:18:47,Elena Pridankina vs Oleksandra Oliynykova,WTA Roland Garros,09:00,,,,,,,,,,
2026-05-24T09:18:47,Linda Fruhvirtova vs Elsa Jacquemot,WTA Roland Garros,09:00,,,,,,,,,,
2026-05-24T09:18:47,Laura Siegemund vs Naomi Osaka,WTA Roland Garros,09:00,,,,,,,,,,
2026-05-24T09:18:47,Louisville Kings vs Dallas Renegades,UFL,20:00,,,,,,,,,,
2026-05-24T09:18:47,Houston Gamblers vs St. Louis Battlehawks,UFL,23:00,,,,,,,,,,
2026-05-24T09:32:17,Crystal Palace vs Arsenal,Premier League,15:00,4.1,Pinnacle,3.78,Pinnacle,1.92,Pinnacle,,,,
2026-05-24T09:32:17,Manchester City vs Aston Villa,Premier League,15:00,1.42,Pinnacle,5.25,Unibet,7.5,William Hill,,,,
2026-05-24T09:32:17,Nottingham Forest vs Bournemouth,Premier League,15:00,3.8,Pinnacle,3.8,Pinnacle,2.0,William Hill,,,,
2026-05-24T09:32:17,Liverpool vs Brentford,Premier League,15:00,1.83,Pinnacle,4.09,Pinnacle,4.2,Pinnacle,,,,
2026-05-24T09:32:17,Brighton and Hove Albion vs Manchester United,Premier League,15:00,1.93,Pinnacle,4.38,Pinnacle,3.55,Pinnacle,,,,
2026-05-24T09:32:17,Burnley vs Wolverhampton Wanderers,Premier League,15:00,2.47,Pinnacle,3.52,Pinnacle,2.95,Pinnacle,,,,
2026-05-24T09:32:17,Sunderland vs Chelsea,Premier League,15:00,3.57,Pinnacle,3.81,Pinnacle,2.06,Pinnacle,,,,
2026-05-24T09:32:17,Tottenham Hotspur vs Everton,Premier League,15:00,1.95,Pinnacle,3.49,Pinnacle,4.35,Pinnacle,2.05,Pinnacle,1.86,Pinnacle
2026-05-24T09:32:17,Fulham vs Newcastle United,Premier League,15:00,2.62,Pinnacle,3.68,Pinnacle,2.67,Pinnacle,,,,
2026-05-24T09:32:17,West Ham United vs Leeds United,Premier League,15:00,1.73,Pinnacle,4.36,Pinnacle,4.7,Unibet,,,,
2026-05-24T09:32:17,Villarreal vs Atlético Madrid,La Liga,19:00,2.54,Pinnacle,3.94,Pinnacle,2.63,Pinnacle,,,,
2026-05-24T09:32:17,SC Paderborn vs VfL Wolfsburg,Bundesliga,18:30,3.4,Unibet,3.65,Pinnacle,2.08,Pinnacle,1.87,Pinnacle,1.99,Pinnacle
2026-05-24T09:32:17,Napoli vs Udinese,Serie A,16:00,1.47,Pinnacle,4.48,Pinnacle,7.73,Pinnacle,1.87,Pinnacle,2.04,Pinnacle
2026-05-24T09:32:17,AC Milan vs Cagliari,Serie A,18:45,1.33,Pinnacle,5.4,Pinnacle,10.39,Pinnacle,,,,
2026-05-24T09:32:17,Hellas Verona vs AS Roma,Serie A,18:45,9.88,Pinnacle,5.06,Pinnacle,1.36,Pinnacle,1.88,Pinnacle,2.03,Pinnacle
2026-05-24T09:32:17,Cremonese vs Como,Serie A,18:45,6.75,Pinnacle,4.66,Pinnacle,1.49,Pinnacle,,,,
2026-05-24T09:32:17,Lecce vs Genoa,Serie A,18:45,1.87,Pinnacle,3.45,Pinnacle,4.88,Pinnacle,,,,
2026-05-24T09:32:17,Torino vs Juventus,Serie A,18:45,6.79,Pinnacle,4.32,Pinnacle,1.52,Pinnacle,1.85,Pinnacle,2.06,Pinnacle
2026-05-24T09:32:17,Saint Etienne vs Nice,Ligue 1,18:45,2.28,Unibet,3.61,Pinnacle,3.07,Pinnacle,,,,
2026-05-24T09:32:17,LDU Quito vs Club Always Ready,Copa Libertadores,22:00,1.37,Unibet,5.26,Pinnacle,8.07,Pinnacle,,,,
2026-05-24T09:32:17,Lanus vs Mirassol,Copa Libertadores,22:00,1.76,Unibet,3.47,Pinnacle,5.4,Pinnacle,,,,
2026-05-24T09:32:17,Club Universitario de Deportes vs Deportes Tolima,Copa Libertadores,00:30,1.88,Pinnacle,3.3,Unibet,4.56,Pinnacle,,,,
2026-05-24T09:32:17,Nacional de Montevideo vs Coquimbo Unido,Copa Libertadores,00:30,1.83,Unibet,3.48,Pinnacle,4.81,Pinnacle,,,,
2026-05-24T09:32:17,Flamengo-RJ vs Cusco FC,Copa Libertadores,00:30,1.12,Unibet,9.48,Pinnacle,21.68,Pinnacle,,,,
2026-05-24T09:32:17,Estudiantes La Plata vs Independiente Medellín,Copa Libertadores,00:30,1.63,Unibet,3.72,Pinnacle,5.88,Pinnacle,,,,
2026-05-24T09:32:17,Sao Paulo vs CA Boston River,Copa Sudamericana,22:00,1.2,William Hill,7.0,Unibet,19.0,Unibet,,,,
2026-05-24T09:32:17,Palestino vs Deportivo Riestra,Copa Sudamericana,22:00,2.28,Unibet,3.12,Pinnacle,3.42,Pinnacle,,,,
2026-05-24T09:32:17,Grêmio vs Montevideo City Torque,Copa Sudamericana,22:00,1.53,Unibet,4.14,Pinnacle,6.26,Pinnacle,1.92,Unibet,1.89,Pinnacle
2026-05-24T09:32:17,Millonarios vs O'Higgins,Copa Sudamericana,22:00,1.62,William Hill,3.8,Unibet,5.75,Unibet,,,,
2026-05-24T09:32:17,Santos vs C.D. Cuenca,Copa Sudamericana,00:30,1.31,Pinnacle,5.1,Unibet,10.0,Unibet,,,,
2026-05-24T09:32:17,San Lorenzo vs Recoleta FC,Copa Sudamericana,00:30,1.37,Unibet,4.4,Pinnacle,9.5,Unibet,,,,
2026-05-24T09:32:17,Notts County vs Salford City,League Two,14:00,2.73,Pinnacle,3.15,Unibet,2.8,Unibet,,,,
2026-05-24T09:32:17,Greuther Fürth vs Rot-Weiss Essen,2. Bundesliga,18:30,1.89,Pinnacle,4.07,Pinnacle,3.63,Pinnacle,,,,
2026-05-24T09:32:17,US Catanzaro 1929 vs Monza,Serie B,18:00,2.83,Pinnacle,3.25,Unibet,2.86,Pinnacle,,,,
2026-05-24T09:32:17,Sporting Gijón vs Almería,Segunda División,16:30,3.9,Unibet,3.89,Pinnacle,1.99,Pinnacle,,,,
2026-05-24T09:32:17,Cultural Leonesa vs Burgos CF,Segunda División,16:30,3.07,Pinnacle,3.34,Pinnacle,2.55,Unibet,,,,
2026-05-24T09:32:17,SD Huesca vs CD Castellón,Segunda División,16:30,4.5,Unibet,4.19,Pinnacle,1.74,Pinnacle,,,,
2026-05-24T09:32:17,CD Mirandés vs Granada CF,Segunda División,16:30,1.51,Unibet,4.49,Pinnacle,7.19,Pinnacle,,,,
2026-05-24T09:32:17,Cádiz CF vs Leganés,Segunda División,16:30,2.67,Pinnacle,3.3,Unibet,2.95,Pinnacle,,,,
2026-05-24T09:32:17,SD Eibar vs Córdoba,Segunda División,16:30,1.68,Unibet,4.21,Pinnacle,4.91,Pinnacle,,,,
2026-05-24T09:32:17,Real Valladolid CF vs Deportivo La Coruña,Segunda División,16:30,5.04,Pinnacle,3.7,Unibet,1.75,Pinnacle,1.98,Pinnacle,1.89,Pinnacle
2026-05-24T09:32:17,Las Palmas vs Zaragoza,Segunda División,16:30,1.41,Unibet,4.99,Pinnacle,9.17,Pinnacle,,,,
2026-05-24T09:32:17,Málaga vs Real Racing Club de Santander,Segunda División,16:30,1.69,Pinnacle,4.39,Pinnacle,4.6,Unibet,,,,
2026-05-24T09:32:17,Rapid Wien vs Ried,Austria Bundesliga,15:00,2.06,Pinnacle,3.52,Pinnacle,3.55,Pinnacle,1.99,Pinnacle,1.87,Pinnacle
2026-05-24T09:32:17,Union Saint-Gilloise vs Anderlecht,Belgian First Div,16:30,1.55,Pinnacle,4.27,Pinnacle,5.69,Pinnacle,,,,
2026-05-24T09:32:17,Club Brugge vs Gent,Belgian First Div,16:30,1.64,Pinnacle,4.7,Pinnacle,4.4,Unibet,,,,
2026-05-24T09:32:17,Sint Truiden vs KV Mechelen,Belgian First Div,16:30,2.04,Pinnacle,3.99,Pinnacle,3.5,Unibet,,,,
2026-05-24T09:32:17,Remo vs Atletico Paranaense,Brasileirao,19:00,2.47,Pinnacle,3.25,Unibet,3.12,Pinnacle,,,,
2026-05-24T09:32:17,Cruzeiro vs Chapecoense,Brasileirao,19:00,1.3,William Hill,5.99,Pinnacle,10.77,Pinnacle,,,,
2026-05-24T09:32:17,Corinthians vs Atletico Mineiro,Brasileirao,21:30,1.79,Pinnacle,3.47,Pinnacle,5.29,Pinnacle,,,,
2026-05-24T09:32:17,Vasco da Gama vs Bragantino-SP,Brasileirao,23:30,1.97,Pinnacle,3.49,Pinnacle,4.17,Pinnacle,,,,
2026-05-24T09:32:17,Coritiba vs Bahia,Brasileirao,23:00,2.72,Pinnacle,3.3,Pinnacle,2.66,Pinnacle,2.07,Unibet,1.83,Pinnacle
2026-05-24T09:32:17,Atletico Goianiense vs São Bernardo,Brasileirao B,19:00,1.95,William Hill,3.3,Unibet,4.67,Pinnacle,,,,
2026-05-24T09:32:17,Clube de Regatas Brasil vs Ponte Preta,Brasileirao B,19:30,1.52,Unibet,4.26,Pinnacle,7.17,Pinnacle,2.0,Pinnacle,1.88,Unibet
2026-05-24T09:32:17,América Mineiro vs Vila Nova,Brasileirao B,21:30,2.23,Pinnacle,3.27,Pinnacle,3.52,Pinnacle,,,,
2026-05-24T09:32:17,Avai vs Goiás,Brasileirao B,22:00,2.33,Pinnacle,3.3,Unibet,3.42,Pinnacle,,,,
2026-05-24T09:32:17,Operario PR vs Criciuma,Brasileirao B,23:30,2.29,Pinnacle,3.15,Unibet,3.59,Pinnacle,,,,
2026-05-24T09:32:17,Botafogo vs Athletic Club (MG),Brasileirao B,22:00,2.08,Unibet,3.16,Pinnacle,4.0,Unibet,,,,
2026-05-24T09:32:17,River Plate vs Belgrano de Cordoba,Liga Profesional,18:30,2.22,Pinnacle,3.0,Unibet,4.3,Unibet,,,,
2026-05-24T09:32:17,Pumas vs Cruz Azul,Liga MX,01:00,3.18,Pinnacle,3.35,Pinnacle,2.4,Unibet,2.05,Pinnacle,1.86,Unibet
2026-05-24T09:32:17,Columbus Crew SC vs Atlanta United FC,MLS,21:00,1.58,Pinnacle,4.5,Unibet,6.0,Unibet,,,,
2026-05-24T09:32:17,Inter Miami CF vs Philadelphia Union,MLS,23:00,1.4,Unibet,5.77,Pinnacle,6.66,Pinnacle,,,,
2026-05-24T09:32:17,Los Angeles FC vs Seattle Sounders FC,MLS,01:15,2.03,Pinnacle,3.82,Pinnacle,3.75,Unibet,,,,
2026-05-24T09:32:17,Deportes Concepción vs Huachipato,Campeonato Chileno,16:30,2.58,Pinnacle,3.25,Unibet,3.2,Unibet,,,,
2026-05-24T09:32:17,La Serena vs Deportes Limache,Campeonato Chileno,19:00,2.59,Pinnacle,3.58,Pinnacle,2.7,Unibet,,,,
2026-05-24T09:32:17,Universidad Católica (CHI) vs Colo Colo,Campeonato Chileno,22:00,2.54,Pinnacle,3.28,Pinnacle,2.94,Pinnacle,2.04,Pinnacle,1.84,Pinnacle
2026-05-24T09:32:17,Kristiansund BK vs Viking FK,Eliteserien,16:00,6.25,Unibet,4.97,Pinnacle,1.53,Pinnacle,,,,
2026-05-24T09:32:17,IK Start vs Vålerenga,Eliteserien,12:30,2.95,Unibet,3.89,Pinnacle,2.27,Pinnacle,,,,
2026-05-24T09:32:17,Tromso vs Aalesund,Eliteserien,15:00,1.44,William Hill,4.88,Pinnacle,6.75,Unibet,,,,
2026-05-24T09:32:17,HamKam vs Lillestrom,Eliteserien,15:00,2.96,Pinnacle,3.63,Pinnacle,2.3,Pinnacle,,,,
2026-05-24T09:32:17,KFUM vs Rosenborg,Eliteserien,15:00,2.33,Unibet,3.63,Pinnacle,2.96,Pinnacle,,,,
2026-05-24T09:32:17,Sarpsborg FK vs Molde,Eliteserien,15:00,2.57,Pinnacle,3.92,Pinnacle,2.48,Pinnacle,,,,
2026-05-24T09:32:17,Sandefjord vs Fredrikstad FK,Eliteserien,17:15,1.85,Pinnacle,4.05,Pinnacle,3.79,Pinnacle,,,,
2026-05-24T09:32:17,IF Elfsborg vs BK Hacken,Allsvenskan,17:00,2.93,Pinnacle,3.37,Pinnacle,2.4,William Hill,1.84,Pinnacle,2.0,Unibet
2026-05-24T09:32:17,IFK Goteborg vs Mjällby AIF,Allsvenskan,17:00,2.88,Unibet,3.2,Unibet,2.68,Pinnacle,2.0,William Hill,1.83,Pinnacle
2026-05-24T09:32:17,Sandvikens IF vs Landskrona BoIS,Superettan,15:00,2.52,Pinnacle,3.54,Pinnacle,2.72,Pinnacle,,,,
2026-05-24T09:32:17,IFK Norrkoping vs Östers IF,Superettan,17:05,1.65,William Hill,4.35,Pinnacle,4.7,Unibet,,,,
2026-05-24T09:32:17,Örebro SK vs Helsingborgs IF,Superettan,17:00,2.27,Pinnacle,3.39,Pinnacle,3.07,Pinnacle,1.83,Pinnacle,1.96,Pinnacle
2026-05-24T09:32:17,Derry City vs Shelbourne Dublin,League of Ireland,18:45,2.47,Pinnacle,3.31,Pinnacle,2.88,Unibet,,,,
2026-05-24T09:32:17,Bohemians vs Shamrock Rovers,League of Ireland,19:00,2.42,Pinnacle,3.34,Pinnacle,3.1,Unibet,,,,
2026-05-24T09:32:17,San Antonio Spurs vs Oklahoma City Thunder,NBA,00:10,,,,,,,,,,
2026-05-24T09:32:17,Cleveland Cavaliers vs New York Knicks,NBA,00:10,,,,,,,,,,
2026-05-24T09:32:17,Olympiacos vs Real Madrid,Euroleague,18:00,,,,,,,,,,
2026-05-24T09:32:17,Toronto Blue Jays vs Pittsburgh Pirates,MLB,16:16,,,,,,,,,,
2026-05-24T09:32:17,Baltimore Orioles vs Detroit Tigers,MLB,16:36,,,,,,,,,,
2026-05-24T09:32:17,Boston Red Sox vs Minnesota Twins,MLB,17:36,,,,,,,,,,
2026-05-24T09:32:17,Philadelphia Phillies vs Cleveland Guardians,MLB,17:36,,,,,,,,,,
2026-05-24T09:32:17,New York Yankees vs Tampa Bay Rays,MLB,17:36,,,,,,,,,,
2026-05-24T09:32:17,Cincinnati Reds vs St. Louis Cardinals,MLB,17:41,,,,,,,,,,
2026-05-24T09:32:17,Miami Marlins vs New York Mets,MLB,17:41,,,,,,,,,,
2026-05-24T09:32:17,Kansas City Royals vs Seattle Mariners,MLB,18:11,,,,,,,,,,
2026-05-24T09:32:17,Milwaukee Brewers vs Los Angeles Dodgers,MLB,18:11,,,,,,,,,,
2026-05-24T09:32:17,Chicago Cubs vs Houston Astros,MLB,18:21,,,,,,,,,,
2026-05-24T09:32:17,San Francisco Giants vs Chicago White Sox,MLB,20:06,,,,,,,,,,
2026-05-24T09:32:17,Arizona Diamondbacks vs Colorado Rockies,MLB,20:11,,,,,,,,,,
2026-05-24T09:32:17,San Diego Padres vs Athletics,MLB,20:11,,,,,,,,,,
2026-05-24T09:32:17,Atlanta Braves vs Washington Nationals,MLB,20:11,,,,,,,,,,
2026-05-24T09:32:17,Baltimore Orioles vs Detroit Tigers,MLB,22:06,,,,,,,,,,
2026-05-24T09:32:17,Los Angeles Angels vs Texas Rangers,MLB,23:21,,,,,,,,,,
2026-05-24T09:32:17,Vegas Golden Knights vs Colorado Avalanche,NHL,00:20,,,,,,,,,,
2026-05-24T09:32:17,Montréal Canadiens vs Carolina Hurricanes,NHL,00:00,,,,,,,,,,
2026-05-24T09:32:17,Joao Fonseca vs Luka Pavlovic,ATP Roland Garros,14:37,,,,,,,,,,
2026-05-24T09:32:17,Alexander Blockx vs Chak Lam Coleman Wong,ATP Roland Garros,14:40,,,,,,,,,,
2026-05-24T09:32:17,Quentin Halys vs Mattia Bellucci,ATP Roland Garros,14:40,,,,,,,,,,
2026-05-24T09:32:17,Taylor Fritz vs Nishesh Basavareddy,ATP Roland Garros,14:50,,,,,,,,,,
2026-05-24T09:32:17,Hamad Medjedovic vs Yannick Hanfmann,ATP Roland Garros,15:30,,,,,,,,,,
2026-05-24T09:32:17,Lorenzo Sonego vs Pierre-Hugues Herbert,ATP Roland Garros,15:55,,,,,,,,,,
2026-05-24T09:32:17,Hugo Dellien vs Valentin Royer,ATP Roland Garros,16:20,,,,,,,,,,
2026-05-24T09:32:17,Giovanni Mpetshi Perricard vs Novak Djokovic,ATP Roland Garros,18:15,,,,,,,,,,
2026-05-24T09:32:17,Cameron Norrie vs Adolfo Daniel Vallejo,ATP Roland Garros,09:00,,,,,,,,,,
2026-05-24T09:32:17,Alejandro Tabilo vs Kamil Majchrzak,ATP Roland Garros,09:00,,,,,,,,,,
2026-05-24T09:32:17,Alex de Minaur vs Toby Samuel,ATP Roland Garros,09:00,,,,,,,,,,
2026-05-24T09:32:17,Alexander Bublik vs Jan-Lennard Struff,ATP Roland Garros,09:00,,,,,,,,,,
2026-05-24T09:32:17,Alexander Shevchenko vs Alex Michelsen,ATP Roland Garros,09:00,,,,,,,,,,
2026-05-24T09:32:17,Alexandre Muller vs Stefanos Tsitsipas,ATP Roland Garros,09:00,,,,,,,,,,
2026-05-24T09:32:17,Arthur Rinderknech vs Jurij Rodionov,ATP Roland Garros,09:00,,,,,,,,,,
2026-05-24T09:32:17,Vit Kopriva vs Corentin Moutet,ATP Roland Garros,09:00,,,,,,,,,,
2026-05-24T09:32:17,Felix Auger-Aliassime vs Daniel Altmaier,ATP Roland Garros,09:00,,,,,,,,,,
2026-05-24T09:32:17,Ethan Quinn vs Francisco Comesana,ATP Roland Garros,09:00,,,,,,,,,,
2026-05-24T09:32:17,Jacob Fearnley vs Juan Manuel Cerundolo,ATP Roland Garros,09:00,,,,,,,,,,
2026-05-24T09:32:17,Pablo Carreno Busta vs Jiri Lehecka,ATP Roland Garros,09:00,,,,,,,,,,
2026-05-24T09:32:17,Luca Van Assche vs Patrick Kypson,ATP Roland Garros,09:00,,,,,,,,,,
2026-05-24T09:32:17,Sebastian Ofner vs Luciano Darderi,ATP Roland Garros,09:00,,,,,,,,,,
2026-05-24T09:32:17,Marton Fucsovics vs Matteo Berrettini,ATP Roland Garros,09:00,,,,,,,,,,
2026-05-24T09:32:17,Tallon Griekspoor vs Matteo Arnaldi,ATP Roland Garros,09:00,,,,,,,,,,
2026-05-24T09:32:17,Eliot Spizzirri vs Frances Tiafoe,ATP Roland Garros,10:10,,,,,,,,,,
2026-05-24T09:32:17,Thanasi Kokkinakis vs Terence Atmane,ATP Roland Garros,10:40,,,,,,,,,,
2026-05-24T09:32:17,Roberto Bautista Agut vs Brandon Nakashima,ATP Roland Garros,11:00,,,,,,,,,,
2026-05-24T09:32:17,Stan Wawrinka vs Jesper De Jong,ATP Roland Garros,11:00,,,,,,,,,,
2026-05-24T09:32:17,Emilio Nava vs Camilo Ugo Carabelli,ATP Roland Garros,11:20,,,,,,,,,,
2026-05-24T09:32:17,Aleksandar Kovacevic vs Rafael Jodar,ATP Roland Garros,11:30,,,,,,,,,,
2026-05-24T09:32:17,Jaume Munar vs Hubert Hurkacz,ATP Roland Garros,11:30,,,,,,,,,,
2026-05-24T09:32:17,Casper Ruud vs Roman Safiullin,ATP Roland Garros,11:50,,,,,,,,,,
2026-05-24T09:32:17,Ugo Humbert vs Adrian Mannarino,ATP Roland Garros,12:20,,,,,,,,,,
2026-05-24T09:32:17,Raphael Collignon vs Aleksandar Vukic,ATP Roland Garros,13:00,,,,,,,,,,
2026-05-24T09:32:17,Flavio Cobolli vs Andrea Pellegrino,ATP Roland Garros,13:00,,,,,,,,,,
2026-05-24T09:32:17,Mariano Navone vs Jenson Brooksby,ATP Roland Garros,13:00,,,,,,,,,,
2026-05-24T09:32:17,Ignacio Buse vs Andrey Rublev,ATP Roland Garros,13:30,,,,,,,,,,
2026-05-24T09:32:17,Rinky Hijikata vs Tommy Paul,ATP Roland Garros,13:30,,,,,,,,,,
2026-05-24T09:32:17,Daniel Merida Aguilar vs Ben Shelton,ATP Roland Garros,15:30,,,,,,,,,,
2026-05-24T09:32:17,Francisco Cerundolo vs Botic van de Zandschulp,ATP Roland Garros,15:30,,,,,,,,,,
2026-05-24T09:32:17,Wu Yibing vs Marcos Giron,ATP Roland Garros,15:30,,,,,,,,,,
2026-05-24T09:32:17,Hugo Gaston vs Gael Monfils,ATP Roland Garros,18:15,,,,,,,,,,
2026-05-24T09:32:17,Adam Walton vs Daniil Medvedev,ATP Roland Garros,09:00,,,,,,,,,,
2026-05-24T09:32:17,Alexei Popyrin vs Zachary Svajda,ATP Roland Garros,09:00,,,,,,,,,,
2026-05-24T09:32:17,Cristian Garin vs Learner Tien,ATP Roland Garros,09:00,,,,,,,,,,
2026-05-24T09:32:17,Jaime Faria vs Denis Shapovalov,ATP Roland Garros,09:00,,,,,,,,,,
2026-05-24T09:32:17,Facundo Diaz Acosta vs Zhizhen Zhang,ATP Roland Garros,09:00,,,,,,,,,,
2026-05-24T09:32:17,Martin Landaluce vs Juan Carlos Prado Angelo,ATP Roland Garros,09:00,,,,,,,,,,
2026-05-24T09:32:17,Marin Cilic vs Moise Kouame,ATP Roland Garros,09:00,,,,,,,,,,
2026-05-24T09:32:17,Sebastian Baez vs Roman Andres Burruchaga,ATP Roland Garros,09:00,,,,,,,,,,
2026-05-24T09:32:17,Thomas Faurel vs Valentin Vacherot,ATP Roland Garros,09:00,,,,,,,,,,
2026-05-24T09:32:17,Emma Raducanu vs Solana Sierra,WTA Roland Garros,14:40,,,,,,,,,,
2026-05-24T09:32:17,Sara Bejlek vs Sloane Stephens,WTA Roland Garros,14:40,,,,,,,,,,
2026-05-24T09:32:17,Sofia Kenin vs Peyton Stearns,WTA Roland Garros,14:45,,,,,,,,,,
2026-05-24T09:32:17,Mirra Andreeva vs Fiona Ferro,WTA Roland Garros,15:30,,,,,,,,,,
2026-05-24T09:32:17,Marina Bassols Ribera vs Emiliana Arango,WTA Roland Garros,15:50,,,,,,,,,,
2026-05-24T09:32:17,Clara Tauson vs Daria Snigur,WTA Roland Garros,16:00,,,,,,,,,,
2026-05-24T09:32:17,Iva Jović vs Alexandra Eala,WTA Roland Garros,09:00,,,,,,,,,,
2026-05-24T09:32:17,Anhelina Kalinina vs Diane Parry,WTA Roland Garros,09:00,,,,,,,,,,
2026-05-24T09:32:17,Ann Li vs Shuai Zhang,WTA Roland Garros,09:00,,,,,,,,,,
2026-05-24T09:32:17,Anna Kalinskaya vs Lois Boisson,WTA Roland Garros,09:00,,,,,,,,,,
2026-05-24T09:32:17,Aryna Sabalenka vs Jessica Bouzas Maneiro,WTA Roland Garros,09:00,,,,,,,,,,
2026-05-24T09:32:17,Coco Gauff vs Taylor Townsend,WTA Roland Garros,09:00,,,,,,,,,,
2026-05-24T09:32:17,Susan Bandecchi vs Cristina Bucsa,WTA Roland Garros,09:00,,,,,,,,,,
2026-05-24T09:32:17,Daria Kasatkina vs Zeynep Sonmez,WTA Roland Garros,09:00,,,,,,,,,,
2026-05-24T09:32:17,Jasmine Paolini vs Dayana Yastremska,WTA Roland Garros,09:00,,,,,,,,,,
2026-05-24T09:32:17,Emma Navarro vs Janice Tjen,WTA Roland Garros,09:00,,,,,,,,,,
2026-05-24T09:32:17,Hanne Vandewinkel vs Madison Keys,WTA Roland Garros,09:00,,,,,,,,,,
2026-05-24T09:32:17,Kimberly Birrell vs Jessica Pegula,WTA Roland Garros,09:00,,,,,,,,,,
2026-05-24T09:32:17,Liudmila Samsonova vs Jil Teichmann,WTA Roland Garros,09:00,,,,,,,,,,
2026-05-24T09:32:17,Simona Waltert vs Katerina Siniakova,WTA Roland Garros,09:00,,,,,,,,,,
2026-05-24T09:32:17,Ksenia Efremova vs Sorana Cirstea,WTA Roland Garros,09:00,,,,,,,,,,
2026-05-24T09:32:17,Linda Noskova vs Maria Sakkari,WTA Roland Garros,09:00,,,,,,,,,,
2026-05-24T09:32:17,Maja Chwalinska vs Qinwen Zheng,WTA Roland Garros,09:00,,,,,,,,,,
2026-05-24T09:32:17,Julia Grabher vs Rebecca Sramkova,WTA Roland Garros,10:10,,,,,,,,,,
2026-05-24T09:32:17,Elina Svitolina vs Anna Bondár,WTA Roland Garros,10:40,,,,,,,,,,
2026-05-24T09:32:17,Petra Marcinko vs Eva Lys,WTA Roland Garros,11:00,,,,,,,,,,
2026-05-24T09:32:17,Maya Joint vs Anastasia Potapova,WTA Roland Garros,11:30,,,,,,,,,,
2026-05-24T09:32:17,Tatjana Maria vs Elise Mertens,WTA Roland Garros,11:30,,,,,,,,,,
2026-05-24T09:32:17,Kaitlin Quevedo vs Leolia Jeanjean,WTA Roland Garros,11:50,,,,,,,,,,
2026-05-24T09:32:17,Veronika Erjavec vs Elena Rybakina,WTA Roland Garros,12:00,,,,,,,,,,
2026-05-24T09:32:17,Akasha Urhobo vs Katie Boulter,WTA Roland Garros,12:20,,,,,,,,,,
2026-05-24T09:32:17,Tiantsoa Sarah Rajaonah vs Amanda Anisimova,WTA Roland Garros,13:30,,,,,,,,,,
2026-05-24T09:32:17,Guo Hanyu vs McCartney Kessler,WTA Roland Garros,13:30,,,,,,,,,,
2026-05-24T09:32:17,Panna Udvardy vs Viktorija Golubic,WTA Roland Garros,13:30,,,,,,,,,,
2026-05-24T09:32:17,Jelena Ostapenko vs Ella Seidel,WTA Roland Garros,14:00,,,,,,,,,,
2026-05-24T09:32:17,Talia Gibson vs Yulia Putintseva,WTA Roland Garros,14:00,,,,,,,,,,
2026-05-24T09:32:17,Alycia Parks vs Leylah Fernandez,WTA Roland Garros,16:00,,,,,,,,,,
2026-05-24T09:32:17,Anastasia Zakharova vs Karolina Muchova,WTA Roland Garros,16:00,,,,,,,,,,
2026-05-24T09:32:17,Diana Shnaider vs Renata Zarazua,WTA Roland Garros,16:00,,,,,,,,,,
2026-05-24T09:32:17,Maria Camila Osorio Serrano vs Ekaterina Alexandrova,WTA Roland Garros,16:00,,,,,,,,,,
2026-05-24T09:32:17,Kamilla Rakhimova vs Jaqueline Cristian,WTA Roland Garros,16:00,,,,,,,,,,
2026-05-24T09:32:17,Donna Vekic vs Alice Tubello,WTA Roland Garros,09:00,,,,,,,,,,
2026-05-24T09:32:17,Alina Korneeva vs Elisabetta Cocciaretto,WTA Roland Garros,09:00,,,,,,,,,,
2026-05-24T09:32:17,Antonia Ruzic vs Ashlyn Krueger,WTA Roland Garros,09:00,,,,,,,,,,
2026-05-24T09:32:17,Claire Liu vs Moyuka Uchijima,WTA Roland Garros,09:00,,,,,,,,,,
2026-05-24T09:32:17,Dalma Galfi vs Mayar Sherif,WTA Roland Garros,09:00,,,,,,,,,,
2026-05-24T09:32:17,Elena Pridankina vs Oleksandra Oliynykova,WTA Roland Garros,09:00,,,,,,,,,,
2026-05-24T09:32:17,Linda Fruhvirtova vs Elsa Jacquemot,WTA Roland Garros,09:00,,,,,,,,,,
2026-05-24T09:32:17,Laura Siegemund vs Naomi Osaka,WTA Roland Garros,09:00,,,,,,,,,,
2026-05-24T09:32:17,Louisville Kings vs Dallas Renegades,UFL,20:00,,,,,,,,,,
2026-05-24T09:32:17,Houston Gamblers vs St. Louis Battlehawks,UFL,23:00,,,,,,,,,,
2026-05-25T09:33:20,SC Paderborn vs VfL Wolfsburg,Bundesliga,18:30,3.57,Pinnacle,3.46,Pinnacle,2.15,Pinnacle,2.04,Pinnacle,1.85,Pinnacle
2026-05-25T09:33:20,Saint Etienne vs Nice,Ligue 1,18:45,2.24,Pinnacle,3.58,Pinnacle,3.08,Pinnacle,,,,
2026-05-25T09:33:20,LDU Quito vs Club Always Ready,Copa Libertadores,22:00,1.36,William Hill,5.23,Pinnacle,8.01,Pinnacle,,,,
2026-05-25T09:33:20,Lanus vs Mirassol,Copa Libertadores,22:00,1.81,Pinnacle,3.45,Unibet,5.03,Pinnacle,,,,
2026-05-25T09:33:20,Club Universitario de Deportes vs Deportes Tolima,Copa Libertadores,00:30,1.95,Pinnacle,3.3,Unibet,4.5,Unibet,,,,
2026-05-25T09:33:20,Nacional de Montevideo vs Coquimbo Unido,Copa Libertadores,00:30,1.8,William Hill,3.45,Pinnacle,4.9,Unibet,,,,
2026-05-25T09:33:20,Flamengo-RJ vs Cusco FC,Copa Libertadores,00:30,1.1,William Hill,10.94,Pinnacle,26.0,Unibet,,,,
2026-05-25T09:33:20,Estudiantes La Plata vs Independiente Medellín,Copa Libertadores,00:30,1.61,Pinnacle,3.72,Pinnacle,5.88,Pinnacle,,,,
2026-05-25T09:33:20,Independiente del Valle vs Rosario Central,Copa Libertadores,22:00,1.91,Pinnacle,3.55,Unibet,4.5,Unibet,,,,
2026-05-25T09:33:20,Libertad Asuncion vs UCV FC,Copa Libertadores,22:00,1.4,Pinnacle,5.0,Unibet,8.5,Unibet,,,,
2026-05-25T09:33:20,Club Bolívar vs Independiente Rivadavia,Copa Libertadores,00:30,2.45,Pinnacle,3.52,Pinnacle,2.88,Unibet,,,,
2026-05-25T09:33:20,Corinthians-SP vs Platense,Copa Libertadores,00:30,1.7,Unibet,3.45,Pinnacle,5.61,Pinnacle,,,,
2026-05-25T09:33:20,Fluminense-RJ vs Deportivo La Guaira,Copa Libertadores,00:30,1.14,William Hill,8.72,Pinnacle,23.0,Unibet,,,,
2026-05-25T09:33:20,Peñarol Montevideo vs Independiente Santa Fe,Copa Libertadores,00:30,1.88,Pinnacle,3.4,Unibet,4.7,Unibet,,,,
2026-05-25T09:33:20,Sao Paulo vs CA Boston River,Copa Sudamericana,22:00,1.18,William Hill,7.0,Unibet,18.0,Unibet,,,,
2026-05-25T09:33:20,Palestino vs Deportivo Riestra,Copa Sudamericana,22:00,2.32,Pinnacle,3.15,Pinnacle,3.35,Unibet,,,,
2026-05-25T09:33:20,Grêmio vs Montevideo City Torque,Copa Sudamericana,22:00,1.5,William Hill,4.14,Pinnacle,6.5,Unibet,1.91,William Hill,1.9,Pinnacle
2026-05-25T09:33:20,Millonarios vs O'Higgins,Copa Sudamericana,22:00,1.65,William Hill,3.8,Unibet,5.8,Unibet,,,,
2026-05-25T09:33:20,Santos vs C.D. Cuenca,Copa Sudamericana,00:30,1.34,Pinnacle,4.9,Unibet,9.5,Unibet,1.81,Pinnacle,2.06,Unibet
2026-05-25T09:33:20,San Lorenzo vs Recoleta FC,Copa Sudamericana,00:30,1.36,William Hill,4.5,Unibet,9.5,Unibet,,,,
2026-05-25T09:33:20,Olimpia Asunción vs Audax Italiano,Copa Sudamericana,22:00,1.66,Unibet,3.95,Pinnacle,5.17,Pinnacle,1.86,Unibet,1.99,Pinnacle
2026-05-25T09:33:20,Vasco da Gama vs Barracas Central,Copa Sudamericana,22:00,1.37,Unibet,4.96,Pinnacle,8.5,William Hill,,,,
2026-05-25T09:33:20,Caracas FC vs Botafogo,Copa Sudamericana,22:00,3.35,Unibet,3.1,Unibet,2.32,Pinnacle,,,,
2026-05-25T09:33:20,Club Cienciano vs CA Juventud,Copa Sudamericana,22:00,1.65,William Hill,3.87,Pinnacle,5.2,Unibet,1.8,Pinnacle,2.0,Pinnacle
2026-05-25T09:33:20,Racing Club vs Club Independiente Petrolero,Copa Sudamericana,22:00,1.07,William Hill,11.38,Pinnacle,46.0,William Hill,,,,
2026-05-25T09:33:20,Clube Atlético Mineiro vs Puerto Cabello,Copa Sudamericana,22:00,1.29,William Hill,5.34,Pinnacle,12.0,Unibet,1.91,Pinnacle,1.88,Pinnacle
2026-05-25T09:33:20,River Plate vs Blooming,Copa Sudamericana,00:30,1.08,William Hill,11.41,Pinnacle,29.0,William Hill,,,,
2026-05-25T09:33:20,Bragantino-SP vs Carabobo FC,Copa Sudamericana,00:30,1.32,Unibet,4.84,Pinnacle,11.03,Pinnacle,1.92,Pinnacle,1.87,Pinnacle
2026-05-25T09:33:20,Crystal Palace vs Rayo Vallecano,Conference League,19:00,1.95,Pinnacle,3.5,Pinnacle,4.2,Pinnacle,,,,
2026-05-25T09:33:20,Greuther Fürth vs Rot-Weiss Essen,2. Bundesliga,18:30,1.76,Unibet,4.31,Pinnacle,4.1,Unibet,,,,
2026-05-25T09:33:20,Rapid Wien vs Ried,Austria Bundesliga,15:00,2.1,Pinnacle,3.57,Pinnacle,3.6,Pinnacle,1.99,Pinnacle,1.9,Pinnacle
2026-05-25T09:33:20,Coritiba vs Bahia,Brasileirao,23:00,2.61,Pinnacle,3.36,Pinnacle,2.83,Pinnacle,2.07,Unibet,1.86,Pinnacle
2026-05-25T09:33:20,Botafogo vs Athletic Club (MG),Brasileirao B,22:00,2.1,Pinnacle,3.15,Pinnacle,4.07,Pinnacle,,,,
2026-05-25T09:33:20,Tromso vs Aalesund,Eliteserien,15:00,1.55,Pinnacle,4.6,Unibet,6.75,Unibet,,,,
2026-05-25T09:33:20,HamKam vs Lillestrom,Eliteserien,15:00,3.09,Pinnacle,3.74,Pinnacle,2.26,Pinnacle,,,,
2026-05-25T09:33:20,KFUM vs Rosenborg,Eliteserien,15:00,2.43,Unibet,3.62,Pinnacle,3.08,Pinnacle,,,,
2026-05-25T09:33:20,Sarpsborg FK vs Molde,Eliteserien,15:00,2.63,Pinnacle,3.89,Pinnacle,2.53,Pinnacle,,,,
2026-05-25T09:33:20,Sandefjord vs Fredrikstad FK,Eliteserien,17:15,2.04,Pinnacle,3.82,Pinnacle,3.75,Unibet,,,,
2026-05-25T09:33:20,IF Elfsborg vs BK Hacken,Allsvenskan,17:00,2.92,Pinnacle,3.57,Pinnacle,2.38,Pinnacle,,,,
2026-05-25T09:33:20,IFK Goteborg vs Mjällby AIF,Allsvenskan,17:00,2.6,Pinnacle,3.25,Pinnacle,2.86,Pinnacle,1.95,Unibet,1.96,Pinnacle
2026-05-25T09:33:20,IFK Norrkoping vs Östers IF,Superettan,17:05,1.6,Unibet,4.52,Pinnacle,4.96,Pinnacle,,,,
2026-05-25T09:33:20,Örebro SK vs Helsingborgs IF,Superettan,17:00,2.25,Unibet,3.39,Pinnacle,3.12,Pinnacle,1.83,Pinnacle,1.98,Pinnacle
2026-05-25T09:33:20,Derry City vs Shelbourne Dublin,League of Ireland,18:45,2.59,Pinnacle,3.2,Pinnacle,2.95,Pinnacle,,,,
2026-05-25T09:33:20,Bohemians vs Shamrock Rovers,League of Ireland,19:00,2.49,Pinnacle,3.31,Pinnacle,3.0,Unibet,,,,
2026-05-25T09:33:20,Cleveland Cavaliers vs New York Knicks,NBA,00:10,,,,,,,,,,
2026-05-25T09:33:20,Oklahoma City Thunder vs San Antonio Spurs,NBA,00:40,,,,,,,,,,
2026-05-25T09:33:20,Baltimore Orioles vs Tampa Bay Rays,MLB,17:36,,,,,,,,,,
2026-05-25T09:33:20,Pittsburgh Pirates vs Chicago Cubs,MLB,17:36,,,,,,,,,,
2026-05-25T09:33:20,Chicago White Sox vs Minnesota Twins,MLB,18:11,,,,,,,,,,
2026-05-25T09:33:20,Milwaukee Brewers vs St. Louis Cardinals,MLB,18:11,,,,,,,,,,
2026-05-25T09:33:20,Kansas City Royals vs New York Yankees,MLB,19:41,,,,,,,,,,
2026-05-25T09:33:20,New York Mets vs Cincinnati Reds,MLB,20:11,,,,,,,,,,
2026-05-25T09:33:20,San Francisco Giants vs Arizona Diamondbacks,MLB,21:06,,,,,,,,,,
2026-05-25T09:33:20,Cleveland Guardians vs Washington Nationals,MLB,22:11,,,,,,,,,,
2026-05-25T09:33:20,San Diego Padres vs Philadelphia Phillies,MLB,22:41,,,,,,,,,,
2026-05-25T09:33:20,Texas Rangers vs Houston Astros,MLB,23:06,,,,,,,,,,
2026-05-25T09:33:20,Toronto Blue Jays vs Miami Marlins,MLB,23:08,,,,,,,,,,
2026-05-25T09:33:20,Los Angeles Dodgers vs Colorado Rockies,MLB,01:11,,,,,,,,,,
2026-05-25T09:33:20,Athletics vs Seattle Mariners,MLB,01:41,,,,,,,,,,
2026-05-25T09:33:20,Montréal Canadiens vs Carolina Hurricanes,NHL,00:20,,,,,,,,,,
2026-05-25T09:33:20,Vegas Golden Knights vs Colorado Avalanche,NHL,01:00,,,,,,,,,,
2026-05-25T09:33:20,Raphael Collignon vs Aleksandar Vukic,ATP Roland Garros,15:30,,,,,,,,,,
2026-05-25T09:33:20,Flavio Cobolli vs Andrea Pellegrino,ATP Roland Garros,15:30,,,,,,,,,,
2026-05-25T09:33:20,Daniel Merida Aguilar vs Ben Shelton,ATP Roland Garros,15:30,,,,,,,,,,
2026-05-25T09:33:20,Francisco Cerundolo vs Botic van de Zandschulp,ATP Roland Garros,15:30,,,,,,,,,,
2026-05-25T09:33:20,Casper Ruud vs Roman Safiullin,ATP Roland Garros,15:30,,,,,,,,,,
2026-05-25T09:33:20,Wu Yibing vs Marcos Giron,ATP Roland Garros,15:30,,,,,,,,,,
2026-05-25T09:33:20,Hugo Gaston vs Gael Monfils,ATP Roland Garros,18:15,,,,,,,,,,
2026-05-25T09:33:20,Adam Walton vs Daniil Medvedev,ATP Roland Garros,09:00,,,,,,,,,,
2026-05-25T09:33:20,Alejandro Tabilo vs Kamil Majchrzak,ATP Roland Garros,09:00,,,,,,,,,,
2026-05-25T09:33:20,Alexei Popyrin vs Zachary Svajda,ATP Roland Garros,09:00,,,,,,,,,,
2026-05-25T09:33:20,Marin Cilic vs Moise Kouame,ATP Roland Garros,09:00,,,,,,,,,,
2026-05-25T09:33:20,Tallon Griekspoor vs Matteo Arnaldi,ATP Roland Garros,09:00,,,,,,,,,,
2026-05-25T09:33:20,Facundo Diaz Acosta vs Zhizhen Zhang,ATP Roland Garros,11:00,,,,,,,,,,
2026-05-25T09:33:20,Martin Landaluce vs Juan Carlos Prado Angelo,ATP Roland Garros,11:00,,,,,,,,,,
2026-05-25T09:33:20,Thomas Faurel vs Valentin Vacherot,ATP Roland Garros,11:00,,,,,,,,,,
2026-05-25T09:33:20,Cameron Norrie vs Adolfo Daniel Vallejo,ATP Roland Garros,11:30,,,,,,,,,,
2026-05-25T09:33:20,Vit Kopriva vs Corentin Moutet,ATP Roland Garros,11:30,,,,,,,,,,
2026-05-25T09:33:20,Alexandre Muller vs Stefanos Tsitsipas,ATP Roland Garros,12:00,,,,,,,,,,
2026-05-25T09:33:20,Cristian Garin vs Learner Tien,ATP Roland Garros,13:00,,,,,,,,,,
2026-05-25T09:33:20,Sebastian Baez vs Roman Andres Burruchaga,ATP Roland Garros,13:00,,,,,,,,,,
2026-05-25T09:33:20,Alexander Bublik vs Jan-Lennard Struff,ATP Roland Garros,13:30,,,,,,,,,,
2026-05-25T09:33:20,Jacob Fearnley vs Juan Manuel Cerundolo,ATP Roland Garros,15:00,,,,,,,,,,
2026-05-25T09:33:20,Felix Auger-Aliassime vs Daniel Altmaier,ATP Roland Garros,15:30,,,,,,,,,,
2026-05-25T09:33:20,Jaime Faria vs Denis Shapovalov,ATP Roland Garros,15:30,,,,,,,,,,
2026-05-25T09:33:20,Ethan Quinn vs Francisco Comesana,ATP Roland Garros,15:30,,,,,,,,,,
2026-05-25T09:33:20,Sebastian Ofner vs Luciano Darderi,ATP Roland Garros,15:30,,,,,,,,,,
2026-05-25T09:33:20,Alejandro Davidovich Fokina vs Thiago Agustin Tirante,ATP Roland Garros,09:00,,,,,,,,,,
2026-05-25T09:33:20,Tomas Machac vs Alexander Zverev,ATP Roland Garros,09:00,,,,,,,,,,
2026-05-25T09:33:20,Joao Fonseca vs Dino Prizmic,ATP Roland Garros,09:00,,,,,,,,,,
2026-05-25T09:33:20,Karen Khachanov vs Marco Trungelliti,ATP Roland Garros,09:00,,,,,,,,,,
2026-05-25T09:33:20,Nuno Borges vs Miomir Kecmanovic,ATP Roland Garros,09:00,,,,,,,,,,
2026-05-25T09:33:20,Valentin Royer vs Novak Djokovic,ATP Roland Garros,09:00,,,,,,,,,,
2026-05-25T09:33:20,Akasha Urhobo vs Katie Boulter,WTA Roland Garros,15:00,,,,,,,,,,
2026-05-25T09:33:20,Jelena Ostapenko vs Ella Seidel,WTA Roland Garros,15:00,,,,,,,,,,
2026-05-25T09:33:20,Alycia Parks vs Leylah Fernandez,WTA Roland Garros,16:00,,,,,,,,,,
2026-05-25T09:33:20,Anastasia Zakharova vs Karolina Muchova,WTA Roland Garros,16:00,,,,,,,,,,
2026-05-25T09:33:20,Diana Shnaider vs Renata Zarazua,WTA Roland Garros,16:00,,,,,,,,,,
2026-05-25T09:33:20,Maria Camila Osorio Serrano vs Ekaterina Alexandrova,WTA Roland Garros,16:00,,,,,,,,,,
2026-05-25T09:33:20,Guo Hanyu vs McCartney Kessler,WTA Roland Garros,16:00,,,,,,,,,,
2026-05-25T09:33:20,Kamilla Rakhimova vs Jaqueline Cristian,WTA Roland Garros,16:00,,,,,,,,,,
2026-05-25T09:33:20,Iva Jović vs Alexandra Eala,WTA Roland Garros,09:00,,,,,,,,,,
2026-05-25T09:33:20,Donna Vekic vs Alice Tubello,WTA Roland Garros,09:00,,,,,,,,,,
2026-05-25T09:33:20,Alina Korneeva vs Elisabetta Cocciaretto,WTA Roland Garros,09:00,,,,,,,,,,
2026-05-25T09:33:20,Antonia Ruzic vs Ashlyn Krueger,WTA Roland Garros,09:00,,,,,,,,,,
2026-05-25T09:33:20,Claire Liu vs Moyuka Uchijima,WTA Roland Garros,09:00,,,,,,,,,,
2026-05-25T09:33:20,Dalma Galfi vs Mayar Sherif,WTA Roland Garros,09:00,,,,,,,,,,
2026-05-25T09:33:20,Linda Fruhvirtova vs Elsa Jacquemot,WTA Roland Garros,09:00,,,,,,,,,,
2026-05-25T09:33:20,Emma Navarro vs Janice Tjen,WTA Roland Garros,09:00,,,,,,,,,,
2026-05-25T09:33:20,Aryna Sabalenka vs Jessica Bouzas Maneiro,WTA Roland Garros,10:00,,,,,,,,,,
2026-05-25T09:33:20,Ann Li vs Shuai Zhang,WTA Roland Garros,11:00,,,,,,,,,,
2026-05-25T09:33:20,Linda Noskova vs Maria Sakkari,WTA Roland Garros,11:00,,,,,,,,,,
2026-05-25T09:33:20,Laura Siegemund vs Naomi Osaka,WTA Roland Garros,11:30,,,,,,,,,,
2026-05-25T09:33:20,Anhelina Kalinina vs Diane Parry,WTA Roland Garros,13:30,,,,,,,,,,
2026-05-25T09:33:20,Anna Kalinskaya vs Lois Boisson,WTA Roland Garros,13:30,,,,,,,,,,
2026-05-25T09:33:20,Hanne Vandewinkel vs Madison Keys,WTA Roland Garros,14:00,,,,,,,,,,
2026-05-25T09:33:20,Coco Gauff vs Taylor Townsend,WTA Roland Garros,14:30,,,,,,,,,,
2026-05-25T09:33:20,Elena Pridankina vs Oleksandra Oliynykova,WTA Roland Garros,15:00,,,,,,,,,,
2026-05-25T09:33:20,Kimberly Birrell vs Jessica Pegula,WTA Roland Garros,16:00,,,,,,,,,,
2026-05-25T09:33:20,Simona Waltert vs Katerina Siniakova,WTA Roland Garros,16:00,,,,,,,,,,
2026-05-25T09:33:20,Caty McNally vs Belinda Bencic,WTA Roland Garros,09:00,,,,,,,,,,
2026-05-25T09:33:20,Daria Snigur vs Peyton Stearns,WTA Roland Garros,09:00,,,,,,,,,,
2026-05-25T09:33:20,Francesca Jones vs Marie Bouzkova,WTA Roland Garros,09:00,,,,,,,,,,
2026-05-25T09:33:20,Hailey Baptiste vs Xiyu Wang,WTA Roland Garros,09:00,,,,,,,,,,
2026-05-25T09:33:20,Marta Kostyuk vs Katie Volynets,WTA Roland Garros,09:00,,,,,,,,,,
2026-05-25T09:33:20,Mirra Andreeva vs Marina Bassols Ribera,WTA Roland Garros,09:00,,,,,,,,,,
2026-05-25T12:34:53,SC Paderborn vs VfL Wolfsburg,Bundesliga,18:30,3.6,Pinnacle,3.49,Pinnacle,2.13,Pinnacle,2.0,William Hill,1.91,Pinnacle
2026-05-25T12:34:53,Saint Etienne vs Nice,Ligue 1,18:45,2.24,Pinnacle,3.58,Pinnacle,3.08,Pinnacle,,,,
2026-05-25T12:34:53,LDU Quito vs Club Always Ready,Copa Libertadores,22:00,1.36,William Hill,5.25,Pinnacle,8.05,Pinnacle,,,,
2026-05-25T12:34:53,Lanus vs Mirassol,Copa Libertadores,22:00,1.81,Pinnacle,3.45,Unibet,5.03,Pinnacle,,,,
2026-05-25T12:34:53,Club Universitario de Deportes vs Deportes Tolima,Copa Libertadores,00:30,1.95,Pinnacle,3.3,Unibet,4.5,Unibet,,,,
2026-05-25T12:34:53,Nacional de Montevideo vs Coquimbo Unido,Copa Libertadores,00:30,1.8,William Hill,3.45,Pinnacle,4.9,Unibet,,,,
2026-05-25T12:34:53,Flamengo-RJ vs Cusco FC,Copa Libertadores,00:30,1.1,William Hill,11.01,Pinnacle,25.0,Unibet,,,,
2026-05-25T12:34:53,Estudiantes La Plata vs Independiente Medellín,Copa Libertadores,00:30,1.61,Unibet,3.72,Pinnacle,5.91,Pinnacle,,,,
2026-05-25T12:34:53,Independiente del Valle vs Rosario Central,Copa Libertadores,22:00,1.91,William Hill,3.55,Unibet,4.5,Unibet,,,,
2026-05-25T12:34:53,Libertad Asuncion vs UCV FC,Copa Libertadores,22:00,1.4,Pinnacle,5.0,Unibet,8.5,Unibet,,,,
2026-05-25T12:34:53,Club Bolívar vs Independiente Rivadavia,Copa Libertadores,00:30,2.5,Pinnacle,3.54,Pinnacle,2.75,Unibet,,,,
2026-05-25T12:34:53,Corinthians-SP vs Platense,Copa Libertadores,00:30,1.71,Unibet,3.45,Pinnacle,5.61,Pinnacle,,,,
2026-05-25T12:34:53,Fluminense-RJ vs Deportivo La Guaira,Copa Libertadores,00:30,1.13,Pinnacle,8.78,Pinnacle,23.0,Unibet,,,,
2026-05-25T12:34:53,Peñarol Montevideo vs Independiente Santa Fe,Copa Libertadores,00:30,1.88,Pinnacle,3.35,Unibet,4.7,Unibet,,,,
2026-05-25T12:34:53,Sao Paulo vs CA Boston River,Copa Sudamericana,22:00,1.17,William Hill,7.0,William Hill,18.0,Unibet,,,,
2026-05-25T12:34:53,Palestino vs Deportivo Riestra,Copa Sudamericana,22:00,2.32,Pinnacle,3.15,Pinnacle,3.35,Unibet,,,,
2026-05-25T12:34:53,Grêmio vs Montevideo City Torque,Copa Sudamericana,22:00,1.5,William Hill,4.14,Pinnacle,6.5,Unibet,1.91,William Hill,1.9,Pinnacle
2026-05-25T12:34:53,Millonarios vs O'Higgins,Copa Sudamericana,22:00,1.65,William Hill,3.8,Unibet,5.8,Unibet,,,,
2026-05-25T12:34:53,Santos vs C.D. Cuenca,Copa Sudamericana,00:30,1.34,Pinnacle,4.9,Unibet,9.5,Unibet,1.81,Pinnacle,2.06,Unibet
2026-05-25T12:34:53,San Lorenzo vs Recoleta FC,Copa Sudamericana,00:30,1.36,William Hill,4.5,Unibet,9.5,Unibet,,,,
2026-05-25T12:34:53,Olimpia Asunción vs Audax Italiano,Copa Sudamericana,22:00,1.66,Unibet,3.95,Pinnacle,5.17,Pinnacle,1.86,Unibet,1.99,Pinnacle
2026-05-25T12:34:53,Vasco da Gama vs Barracas Central,Copa Sudamericana,22:00,1.37,Unibet,4.96,Pinnacle,8.0,William Hill,,,,
2026-05-25T12:34:53,Caracas FC vs Botafogo,Copa Sudamericana,22:00,3.59,Pinnacle,3.1,William Hill,2.25,Unibet,,,,
2026-05-25T12:34:53,Club Cienciano vs CA Juventud,Copa Sudamericana,22:00,1.65,Unibet,3.95,Pinnacle,5.41,Pinnacle,,,,
2026-05-25T12:34:53,Racing Club vs Club Independiente Petrolero,Copa Sudamericana,22:00,1.07,William Hill,11.38,Pinnacle,46.0,William Hill,,,,
2026-05-25T12:34:53,Clube Atlético Mineiro vs Puerto Cabello,Copa Sudamericana,22:00,1.28,Unibet,5.59,Pinnacle,12.0,William Hill,1.87,Pinnacle,1.92,Pinnacle
2026-05-25T12:34:53,River Plate vs Blooming,Copa Sudamericana,00:30,1.08,Unibet,11.35,Pinnacle,46.0,William Hill,,,,
2026-05-25T12:34:53,Bragantino-SP vs Carabobo FC,Copa Sudamericana,00:30,1.32,Unibet,4.87,Pinnacle,11.08,Pinnacle,1.92,Pinnacle,1.87,Pinnacle
2026-05-25T12:34:53,Crystal Palace vs Rayo Vallecano,Conference League,19:00,1.95,Pinnacle,3.5,Pinnacle,4.2,Pinnacle,,,,
2026-05-25T12:34:53,Greuther Fürth vs Rot-Weiss Essen,2. Bundesliga,18:30,1.76,Unibet,4.31,Pinnacle,4.1,Unibet,,,,
2026-05-25T12:34:53,Coritiba vs Bahia,Brasileirao,23:00,2.6,Unibet,3.36,Pinnacle,2.89,Pinnacle,2.05,Unibet,1.85,Pinnacle
2026-05-25T12:34:53,Botafogo vs Athletic Club (MG),Brasileirao B,22:00,2.08,Unibet,3.15,Pinnacle,4.23,Pinnacle,,,,
2026-05-25T12:34:53,Örebro SK vs Helsingborgs IF,Superettan,17:00,2.25,Unibet,3.43,Pinnacle,3.14,Pinnacle,1.83,Pinnacle,1.99,Pinnacle
2026-05-25T12:34:53,Derry City vs Shelbourne Dublin,League of Ireland,18:45,2.78,Pinnacle,3.19,Pinnacle,2.9,Unibet,,,,
2026-05-25T12:34:53,Bohemians vs Shamrock Rovers,League of Ireland,19:00,2.36,Pinnacle,3.32,Pinnacle,3.18,Pinnacle,,,,
2026-05-25T12:34:53,Cleveland Cavaliers vs New York Knicks,NBA,00:10,,,,,,,,,,
2026-05-25T12:34:53,Oklahoma City Thunder vs San Antonio Spurs,NBA,00:40,,,,,,,,,,
2026-05-25T12:34:53,Baltimore Orioles vs Tampa Bay Rays,MLB,17:36,,,,,,,,,,
2026-05-25T12:34:53,Pittsburgh Pirates vs Chicago Cubs,MLB,17:36,,,,,,,,,,
2026-05-25T12:34:53,Chicago White Sox vs Minnesota Twins,MLB,18:11,,,,,,,,,,
2026-05-25T12:34:53,Milwaukee Brewers vs St. Louis Cardinals,MLB,18:11,,,,,,,,,,
2026-05-25T12:34:53,Kansas City Royals vs New York Yankees,MLB,19:41,,,,,,,,,,
2026-05-25T12:34:53,New York Mets vs Cincinnati Reds,MLB,20:11,,,,,,,,,,
2026-05-25T12:34:53,San Francisco Giants vs Arizona Diamondbacks,MLB,21:06,,,,,,,,,,
2026-05-25T12:34:53,Cleveland Guardians vs Washington Nationals,MLB,22:11,,,,,,,,,,
2026-05-25T12:34:53,San Diego Padres vs Philadelphia Phillies,MLB,22:41,,,,,,,,,,
2026-05-25T12:34:53,Texas Rangers vs Houston Astros,MLB,23:06,,,,,,,,,,
2026-05-25T12:34:53,Toronto Blue Jays vs Miami Marlins,MLB,23:08,,,,,,,,,,
2026-05-25T12:34:53,Los Angeles Dodgers vs Colorado Rockies,MLB,01:11,,,,,,,,,,
2026-05-25T12:34:53,Athletics vs Seattle Mariners,MLB,01:41,,,,,,,,,,
2026-05-25T12:34:53,Montréal Canadiens vs Carolina Hurricanes,NHL,00:20,,,,,,,,,,
2026-05-25T12:34:53,Vegas Golden Knights vs Colorado Avalanche,NHL,01:00,,,,,,,,,,
2026-05-25T12:34:53,Hugo Gaston vs Gael Monfils,ATP Roland Garros,18:15,,,,,,,,,,
2026-05-25T12:34:53,Adam Walton vs Daniil Medvedev,ATP Roland Garros,09:00,,,,,,,,,,
2026-05-25T12:34:53,Alejandro Tabilo vs Kamil Majchrzak,ATP Roland Garros,09:00,,,,,,,,,,
2026-05-25T12:34:53,Alexei Popyrin vs Zachary Svajda,ATP Roland Garros,09:00,,,,,,,,,,
2026-05-25T12:34:53,Marin Cilic vs Moise Kouame,ATP Roland Garros,09:00,,,,,,,,,,
2026-05-25T12:34:53,Tallon Griekspoor vs Matteo Arnaldi,ATP Roland Garros,09:00,,,,,,,,,,
2026-05-25T12:34:53,Facundo Diaz Acosta vs Zhizhen Zhang,ATP Roland Garros,11:00,,,,,,,,,,
2026-05-25T12:34:53,Martin Landaluce vs Juan Carlos Prado Angelo,ATP Roland Garros,11:00,,,,,,,,,,
2026-05-25T12:34:53,Thomas Faurel vs Valentin Vacherot,ATP Roland Garros,11:00,,,,,,,,,,
2026-05-25T12:34:53,Cameron Norrie vs Adolfo Daniel Vallejo,ATP Roland Garros,11:30,,,,,,,,,,
2026-05-25T12:34:53,Vit Kopriva vs Corentin Moutet,ATP Roland Garros,11:30,,,,,,,,,,
2026-05-25T12:34:53,Alexandre Muller vs Stefanos Tsitsipas,ATP Roland Garros,12:00,,,,,,,,,,
2026-05-25T12:34:53,Cristian Garin vs Learner Tien,ATP Roland Garros,13:00,,,,,,,,,,
2026-05-25T12:34:53,Sebastian Baez vs Roman Andres Burruchaga,ATP Roland Garros,13:00,,,,,,,,,,
2026-05-25T12:34:53,Alexander Bublik vs Jan-Lennard Struff,ATP Roland Garros,13:30,,,,,,,,,,
2026-05-25T12:34:53,Jacob Fearnley vs Juan Manuel Cerundolo,ATP Roland Garros,15:00,,,,,,,,,,
2026-05-25T12:34:53,Felix Auger-Aliassime vs Daniel Altmaier,ATP Roland Garros,15:30,,,,,,,,,,
2026-05-25T12:34:53,Jaime Faria vs Denis Shapovalov,ATP Roland Garros,15:30,,,,,,,,,,
2026-05-25T12:34:53,Ethan Quinn vs Francisco Comesana,ATP Roland Garros,15:30,,,,,,,,,,
2026-05-25T12:34:53,Sebastian Ofner vs Luciano Darderi,ATP Roland Garros,15:30,,,,,,,,,,
2026-05-25T12:34:53,Luca Van Assche vs Brandon Nakashima,ATP Roland Garros,07:00,,,,,,,,,,
2026-05-25T12:34:53,Alejandro Davidovich Fokina vs Thiago Agustin Tirante,ATP Roland Garros,09:00,,,,,,,,,,
2026-05-25T12:34:53,Nishesh Basavareddy vs Alex Michelsen,ATP Roland Garros,09:00,,,,,,,,,,
2026-05-25T12:34:53,Alex de Minaur vs Alexander Blockx,ATP Roland Garros,09:00,,,,,,,,,,
2026-05-25T12:34:53,Tomas Machac vs Alexander Zverev,ATP Roland Garros,09:00,,,,,,,,,,
2026-05-25T12:34:53,Arthur Rinderknech vs Matteo Berrettini,ATP Roland Garros,09:00,,,,,,,,,,
2026-05-25T12:34:53,Joao Fonseca vs Dino Prizmic,ATP Roland Garros,09:00,,,,,,,,,,
2026-05-25T12:34:53,Karen Khachanov vs Marco Trungelliti,ATP Roland Garros,09:00,,,,,,,,,,
2026-05-25T12:34:53,Nuno Borges vs Miomir Kecmanovic,ATP Roland Garros,09:00,,,,,,,,,,
2026-05-25T12:34:53,Valentin Royer vs Novak Djokovic,ATP Roland Garros,09:00,,,,,,,,,,
2026-05-25T12:34:53,Alycia Parks vs Leylah Fernandez,WTA Roland Garros,17:45,,,,,,,,,,
2026-05-25T12:34:53,Maria Camila Osorio Serrano vs Ekaterina Alexandrova,WTA Roland Garros,17:45,,,,,,,,,,
2026-05-25T12:34:53,Anastasia Zakharova vs Karolina Muchova,WTA Roland Garros,18:00,,,,,,,,,,
2026-05-25T12:34:53,Guo Hanyu vs McCartney Kessler,WTA Roland Garros,18:15,,,,,,,,,,
2026-05-25T12:34:53,Diana Shnaider vs Renata Zarazua,WTA Roland Garros,18:20,,,,,,,,,,
2026-05-25T12:34:53,Iva Jović vs Alexandra Eala,WTA Roland Garros,09:00,,,,,,,,,,
2026-05-25T12:34:53,Donna Vekic vs Alice Tubello,WTA Roland Garros,09:00,,,,,,,,,,
2026-05-25T12:34:53,Alina Korneeva vs Elisabetta Cocciaretto,WTA Roland Garros,09:00,,,,,,,,,,
2026-05-25T12:34:53,Antonia Ruzic vs Ashlyn Krueger,WTA Roland Garros,09:00,,,,,,,,,,
2026-05-25T12:34:53,Claire Liu vs Moyuka Uchijima,WTA Roland Garros,09:00,,,,,,,,,,
2026-05-25T12:34:53,Dalma Galfi vs Mayar Sherif,WTA Roland Garros,09:00,,,,,,,,,,
2026-05-25T12:34:53,Linda Fruhvirtova vs Elsa Jacquemot,WTA Roland Garros,09:00,,,,,,,,,,
2026-05-25T12:34:53,Emma Navarro vs Janice Tjen,WTA Roland Garros,09:00,,,,,,,,,,
2026-05-25T12:34:53,Aryna Sabalenka vs Jessica Bouzas Maneiro,WTA Roland Garros,10:00,,,,,,,,,,
2026-05-25T12:34:53,Ann Li vs Shuai Zhang,WTA Roland Garros,11:00,,,,,,,,,,
2026-05-25T12:34:53,Linda Noskova vs Maria Sakkari,WTA Roland Garros,11:00,,,,,,,,,,
2026-05-25T12:34:53,Laura Siegemund vs Naomi Osaka,WTA Roland Garros,11:30,,,,,,,,,,
2026-05-25T12:34:53,Anhelina Kalinina vs Diane Parry,WTA Roland Garros,13:30,,,,,,,,,,
2026-05-25T12:34:53,Anna Kalinskaya vs Lois Boisson,WTA Roland Garros,13:30,,,,,,,,,,
2026-05-25T12:34:53,Hanne Vandewinkel vs Madison Keys,WTA Roland Garros,14:00,,,,,,,,,,
2026-05-25T12:34:53,Coco Gauff vs Taylor Townsend,WTA Roland Garros,14:30,,,,,,,,,,
2026-05-25T12:34:53,Elena Pridankina vs Oleksandra Oliynykova,WTA Roland Garros,15:00,,,,,,,,,,
2026-05-25T12:34:53,Kimberly Birrell vs Jessica Pegula,WTA Roland Garros,16:00,,,,,,,,,,
2026-05-25T12:34:53,Simona Waltert vs Katerina Siniakova,WTA Roland Garros,16:00,,,,,,,,,,
2026-05-25T12:34:53,Daria Kasatkina vs Susan Bandecchi,WTA Roland Garros,07:00,,,,,,,,,,
2026-05-25T12:34:53,Caty McNally vs Belinda Bencic,WTA Roland Garros,09:00,,,,,,,,,,
2026-05-25T12:34:53,Daria Snigur vs Peyton Stearns,WTA Roland Garros,09:00,,,,,,,,,,
2026-05-25T12:34:53,Francesca Jones vs Marie Bouzkova,WTA Roland Garros,09:00,,,,,,,,,,
2026-05-25T12:34:53,Hailey Baptiste vs Xiyu Wang,WTA Roland Garros,09:00,,,,,,,,,,
2026-05-25T12:34:53,Jil Teichmann vs Magdalena Frech,WTA Roland Garros,09:00,,,,,,,,,,
2026-05-25T12:34:53,Marta Kostyuk vs Katie Volynets,WTA Roland Garros,09:00,,,,,,,,,,
2026-05-25T12:34:53,Mirra Andreeva vs Marina Bassols Ribera,WTA Roland Garros,09:00,,,,,,,,,,
2026-05-25T23:11:48,Saint Etienne vs Nice,Ligue 1,18:45,2.29,Pinnacle,3.55,Pinnacle,3.12,Pinnacle,,,,
2026-05-25T23:11:48,LDU Quito vs Club Always Ready,Copa Libertadores,22:00,1.35,William Hill,5.37,Pinnacle,8.5,Unibet,,,,
2026-05-25T23:11:48,Lanus vs Mirassol,Copa Libertadores,22:00,1.88,Pinnacle,3.4,Unibet,5.06,Pinnacle,,,,
2026-05-25T23:11:48,Club Universitario de Deportes vs Deportes Tolima,Copa Libertadores,00:30,2.03,Pinnacle,3.3,Unibet,4.5,Unibet,,,,
2026-05-25T23:11:48,Nacional de Montevideo vs Coquimbo Unido,Copa Libertadores,00:30,1.85,Pinnacle,3.4,Unibet,4.9,Unibet,,,,
2026-05-25T23:11:48,Flamengo-RJ vs Cusco FC,Copa Libertadores,00:30,1.1,William Hill,11.06,Pinnacle,23.0,Unibet,,,,
2026-05-25T23:11:48,Estudiantes La Plata vs Independiente Medellín,Copa Libertadores,00:30,1.68,Pinnacle,3.65,Unibet,6.1,Unibet,,,,
2026-05-25T23:11:48,Independiente del Valle vs Rosario Central,Copa Libertadores,22:00,1.91,William Hill,3.5,Unibet,4.25,Unibet,,,,
2026-05-25T23:11:48,Libertad Asuncion vs UCV FC,Copa Libertadores,22:00,1.4,Pinnacle,5.0,Unibet,8.0,Unibet,,,,
2026-05-25T23:11:48,Club Bolívar vs Independiente Rivadavia,Copa Libertadores,00:30,2.45,William Hill,3.54,Pinnacle,2.75,Pinnacle,,,,
2026-05-25T23:11:48,Corinthians-SP vs Platense,Copa Libertadores,00:30,1.71,Unibet,3.45,Pinnacle,5.61,Pinnacle,,,,
2026-05-25T23:11:48,Fluminense-RJ vs Deportivo La Guaira,Copa Libertadores,00:30,1.13,Pinnacle,8.78,Pinnacle,23.0,Unibet,,,,
2026-05-25T23:11:48,Peñarol Montevideo vs Independiente Santa Fe,Copa Libertadores,00:30,1.88,Pinnacle,3.4,Unibet,4.75,Unibet,,,,
2026-05-25T23:11:48,Sao Paulo vs CA Boston River,Copa Sudamericana,22:00,1.18,William Hill,7.0,William Hill,18.0,Unibet,,,,
2026-05-25T23:11:48,Palestino vs Deportivo Riestra,Copa Sudamericana,22:00,2.33,Pinnacle,3.21,Pinnacle,3.35,Unibet,,,,
2026-05-25T23:11:48,Grêmio vs Montevideo City Torque,Copa Sudamericana,22:00,1.53,William Hill,4.16,Pinnacle,6.5,Unibet,1.91,William Hill,1.94,Pinnacle
2026-05-25T23:11:48,Millonarios vs O'Higgins,Copa Sudamericana,22:00,1.63,Pinnacle,3.83,Pinnacle,5.8,Unibet,2.0,Pinnacle,1.83,Pinnacle
2026-05-25T23:11:48,Santos vs C.D. Cuenca,Copa Sudamericana,00:30,1.35,Pinnacle,4.91,Pinnacle,9.0,Unibet,1.83,Pinnacle,2.0,Pinnacle
2026-05-25T23:11:48,San Lorenzo vs Recoleta FC,Copa Sudamericana,00:30,1.37,Pinnacle,4.51,Pinnacle,9.5,Unibet,,,,
2026-05-25T23:11:48,Olimpia Asunción vs Audax Italiano,Copa Sudamericana,22:00,1.66,Unibet,3.95,Pinnacle,5.17,Pinnacle,1.86,Unibet,1.99,Pinnacle
2026-05-25T23:11:48,Vasco da Gama vs Barracas Central,Copa Sudamericana,22:00,1.37,Unibet,4.96,Pinnacle,8.0,William Hill,,,,
2026-05-25T23:11:48,Caracas FC vs Botafogo,Copa Sudamericana,22:00,3.59,Pinnacle,3.1,William Hill,2.25,Unibet,,,,
2026-05-25T23:11:48,Club Cienciano vs CA Juventud,Copa Sudamericana,22:00,1.65,Unibet,3.95,Pinnacle,5.41,Pinnacle,,,,
2026-05-25T23:11:48,Racing Club vs Club Independiente Petrolero,Copa Sudamericana,22:00,1.08,William Hill,11.38,Pinnacle,30.0,Unibet,,,,
2026-05-25T23:11:48,Clube Atlético Mineiro vs Puerto Cabello,Copa Sudamericana,22:00,1.28,Unibet,5.4,Pinnacle,13.0,William Hill,1.88,Pinnacle,1.9,Pinnacle
2026-05-25T23:11:48,River Plate vs Blooming,Copa Sudamericana,00:30,1.08,Unibet,11.08,Pinnacle,46.0,William Hill,,,,
2026-05-25T23:11:48,Bragantino-SP vs Carabobo FC,Copa Sudamericana,00:30,1.32,Unibet,4.87,Pinnacle,11.08,Pinnacle,1.92,Pinnacle,1.87,Pinnacle
2026-05-25T23:11:48,Crystal Palace vs Rayo Vallecano,Conference League,19:00,1.95,Pinnacle,3.5,Pinnacle,4.2,Pinnacle,,,,
2026-05-25T23:11:48,Greuther Fürth vs Rot-Weiss Essen,2. Bundesliga,18:30,1.78,Pinnacle,4.35,Pinnacle,4.1,Unibet,,,,
2026-05-25T23:11:48,Örebro SK vs Helsingborgs IF,Superettan,17:00,2.27,Pinnacle,3.39,Pinnacle,3.15,Pinnacle,1.88,Pinnacle,1.94,Pinnacle
2026-05-25T23:11:48,Oklahoma City Thunder vs San Antonio Spurs,NBA,00:40,,,,,,,,,,
2026-05-25T23:11:48,Cleveland Guardians vs Washington Nationals,MLB,22:11,,,,,,,,,,
2026-05-25T23:11:48,Baltimore Orioles vs Tampa Bay Rays,MLB,22:36,,,,,,,,,,
2026-05-25T23:11:48,Pittsburgh Pirates vs Chicago Cubs,MLB,22:41,,,,,,,,,,
2026-05-25T23:11:48,Detroit Tigers vs Los Angeles Angels,MLB,22:41,,,,,,,,,,
2026-05-25T23:11:48,Boston Red Sox vs Atlanta Braves,MLB,22:46,,,,,,,,,,
2026-05-25T23:11:48,Chicago White Sox vs Minnesota Twins,MLB,23:41,,,,,,,,,,
2026-05-25T23:11:48,Kansas City Royals vs New York Yankees,MLB,23:41,,,,,,,,,,
2026-05-25T23:11:48,Milwaukee Brewers vs St. Louis Cardinals,MLB,23:41,,,,,,,,,,
2026-05-25T23:11:48,Texas Rangers vs Houston Astros,MLB,00:06,,,,,,,,,,
2026-05-25T23:11:48,Athletics vs Seattle Mariners,MLB,01:41,,,,,,,,,,
2026-05-25T23:11:48,San Diego Padres vs Philadelphia Phillies,MLB,01:41,,,,,,,,,,
2026-05-25T23:11:48,San Francisco Giants vs Arizona Diamondbacks,MLB,01:46,,,,,,,,,,
2026-05-25T23:11:48,Los Angeles Dodgers vs Colorado Rockies,MLB,02:11,,,,,,,,,,
2026-05-25T23:11:48,Vegas Golden Knights vs Colorado Avalanche,NHL,01:00,,,,,,,,,,
2026-05-25T23:11:48,Montréal Canadiens vs Carolina Hurricanes,NHL,00:00,,,,,,,,,,
2026-05-25T23:11:48,Adam Walton vs Daniil Medvedev,ATP Roland Garros,09:00,,,,,,,,,,
2026-05-25T23:11:48,Alejandro Tabilo vs Kamil Majchrzak,ATP Roland Garros,09:00,,,,,,,,,,
2026-05-25T23:11:48,Alexei Popyrin vs Zachary Svajda,ATP Roland Garros,09:00,,,,,,,,,,
2026-05-25T23:11:48,Marin Cilic vs Moise Kouame,ATP Roland Garros,09:00,,,,,,,,,,
2026-05-25T23:11:48,Tallon Griekspoor vs Matteo Arnaldi,ATP Roland Garros,09:00,,,,,,,,,,
2026-05-25T23:11:48,Facundo Diaz Acosta vs Zhizhen Zhang,ATP Roland Garros,11:00,,,,,,,,,,
2026-05-25T23:11:48,Martin Landaluce vs Juan Carlos Prado Angelo,ATP Roland Garros,11:00,,,,,,,,,,
2026-05-25T23:11:48,Thomas Faurel vs Valentin Vacherot,ATP Roland Garros,11:00,,,,,,,,,,
2026-05-25T23:11:48,Cameron Norrie vs Adolfo Daniel Vallejo,ATP Roland Garros,11:30,,,,,,,,,,
2026-05-25T23:11:48,Vit Kopriva vs Corentin Moutet,ATP Roland Garros,11:30,,,,,,,,,,
2026-05-25T23:11:48,Alexandre Muller vs Stefanos Tsitsipas,ATP Roland Garros,12:00,,,,,,,,,,
2026-05-25T23:11:48,Cristian Garin vs Learner Tien,ATP Roland Garros,13:00,,,,,,,,,,
2026-05-25T23:11:48,Sebastian Baez vs Roman Andres Burruchaga,ATP Roland Garros,13:00,,,,,,,,,,
2026-05-25T23:11:48,Alexander Bublik vs Jan-Lennard Struff,ATP Roland Garros,13:30,,,,,,,,,,
2026-05-25T23:11:48,Jacob Fearnley vs Juan Manuel Cerundolo,ATP Roland Garros,15:00,,,,,,,,,,
2026-05-25T23:11:48,Felix Auger-Aliassime vs Daniel Altmaier,ATP Roland Garros,15:30,,,,,,,,,,
2026-05-25T23:11:48,Jaime Faria vs Denis Shapovalov,ATP Roland Garros,15:30,,,,,,,,,,
2026-05-25T23:11:48,Ethan Quinn vs Francisco Comesana,ATP Roland Garros,15:30,,,,,,,,,,
2026-05-25T23:11:48,Sebastian Ofner vs Luciano Darderi,ATP Roland Garros,15:30,,,,,,,,,,
2026-05-25T23:11:48,Luca Van Assche vs Brandon Nakashima,ATP Roland Garros,07:00,,,,,,,,,,
2026-05-25T23:11:48,Alejandro Davidovich Fokina vs Thiago Agustin Tirante,ATP Roland Garros,09:00,,,,,,,,,,
2026-05-25T23:11:48,Nishesh Basavareddy vs Alex Michelsen,ATP Roland Garros,09:00,,,,,,,,,,
2026-05-25T23:11:48,Alex de Minaur vs Alexander Blockx,ATP Roland Garros,09:00,,,,,,,,,,
2026-05-25T23:11:48,Tomas Machac vs Alexander Zverev,ATP Roland Garros,09:00,,,,,,,,,,
2026-05-25T23:11:48,Arthur Rinderknech vs Matteo Berrettini,ATP Roland Garros,09:00,,,,,,,,,,
2026-05-25T23:11:48,Joao Fonseca vs Dino Prizmic,ATP Roland Garros,09:00,,,,,,,,,,
2026-05-25T23:11:48,Federico Cinà vs Jesper De Jong,ATP Roland Garros,09:00,,,,,,,,,,
2026-05-25T23:11:48,Mariano Navone vs Jakub Mensik,ATP Roland Garros,09:00,,,,,,,,,,
2026-05-25T23:11:48,James Duckworth vs Rafael Jodar,ATP Roland Garros,09:00,,,,,,,,,,
2026-05-25T23:11:48,Karen Khachanov vs Marco Trungelliti,ATP Roland Garros,09:00,,,,,,,,,,
2026-05-25T23:11:48,Nuno Borges vs Miomir Kecmanovic,ATP Roland Garros,09:00,,,,,,,,,,
2026-05-25T23:11:48,Valentin Royer vs Novak Djokovic,ATP Roland Garros,09:00,,,,,,,,,,
2026-05-25T23:11:48,Ugo Humbert vs Quentin Halys,ATP Roland Garros,09:00,,,,,,,,,,
2026-05-25T23:11:48,Iva Jović vs Alexandra Eala,WTA Roland Garros,09:00,,,,,,,,,,
2026-05-25T23:11:48,Donna Vekic vs Alice Tubello,WTA Roland Garros,09:00,,,,,,,,,,
2026-05-25T23:11:48,Emma Navarro vs Janice Tjen,WTA Roland Garros,09:00,,,,,,,,,,
2026-05-25T23:11:48,Claire Liu vs Moyuka Uchijima,WTA Roland Garros,09:05,,,,,,,,,,
2026-05-25T23:11:48,Aryna Sabalenka vs Jessica Bouzas Maneiro,WTA Roland Garros,10:00,,,,,,,,,,
2026-05-25T23:11:48,Ann Li vs Shuai Zhang,WTA Roland Garros,11:00,,,,,,,,,,
2026-05-25T23:11:48,Linda Fruhvirtova vs Elsa Jacquemot,WTA Roland Garros,11:00,,,,,,,,,,
2026-05-25T23:11:48,Linda Noskova vs Maria Sakkari,WTA Roland Garros,11:00,,,,,,,,,,
2026-05-25T23:11:48,Laura Siegemund vs Naomi Osaka,WTA Roland Garros,11:30,,,,,,,,,,
2026-05-25T23:11:48,Alina Korneeva vs Elisabetta Cocciaretto,WTA Roland Garros,13:00,,,,,,,,,,
2026-05-25T23:11:48,Antonia Ruzic vs Ashlyn Krueger,WTA Roland Garros,13:00,,,,,,,,,,
2026-05-25T23:11:48,Dalma Galfi vs Mayar Sherif,WTA Roland Garros,13:00,,,,,,,,,,
2026-05-25T23:11:48,Anhelina Kalinina vs Diane Parry,WTA Roland Garros,13:30,,,,,,,,,,
2026-05-25T23:11:48,Anna Kalinskaya vs Lois Boisson,WTA Roland Garros,13:30,,,,,,,,,,
2026-05-25T23:11:48,Hanne Vandewinkel vs Madison Keys,WTA Roland Garros,14:00,,,,,,,,,,
2026-05-25T23:11:48,Coco Gauff vs Taylor Townsend,WTA Roland Garros,14:30,,,,,,,,,,
2026-05-25T23:11:48,Elena Pridankina vs Oleksandra Oliynykova,WTA Roland Garros,15:00,,,,,,,,,,
2026-05-25T23:11:48,Kimberly Birrell vs Jessica Pegula,WTA Roland Garros,16:00,,,,,,,,,,
2026-05-25T23:11:48,Simona Waltert vs Katerina Siniakova,WTA Roland Garros,16:00,,,,,,,,,,
2026-05-25T23:11:48,Victoria Mboko vs Nikola Bartunkova,WTA Roland Garros,16:00,,,,,,,,,,
2026-05-25T23:11:48,Daria Kasatkina vs Susan Bandecchi,WTA Roland Garros,07:00,,,,,,,,,,
2026-05-25T23:11:48,Caty McNally vs Belinda Bencic,WTA Roland Garros,09:00,,,,,,,,,,
2026-05-25T23:11:48,Daria Snigur vs Peyton Stearns,WTA Roland Garros,09:00,,,,,,,,,,
2026-05-25T23:11:48,Yuliia Starodubtseva vs Elena Rybakina,WTA Roland Garros,09:00,,,,,,,,,,
2026-05-25T23:11:48,Francesca Jones vs Marie Bouzkova,WTA Roland Garros,09:00,,,,,,,,,,
2026-05-25T23:11:48,Hailey Baptiste vs Xiyu Wang,WTA Roland Garros,09:00,,,,,,,,,,
2026-05-25T23:11:48,Sara Bejlek vs Iga Swiatek,WTA Roland Garros,09:00,,,,,,,,,,
2026-05-25T23:11:48,Jasmine Paolini vs Solana Sierra,WTA Roland Garros,09:00,,,,,,,,,,
2026-05-25T23:11:48,Jil Teichmann vs Magdalena Frech,WTA Roland Garros,09:00,,,,,,,,,,
2026-05-25T23:11:48,Marta Kostyuk vs Katie Volynets,WTA Roland Garros,09:00,,,,,,,,,,
2026-05-25T23:11:48,Mirra Andreeva vs Marina Bassols Ribera,WTA Roland Garros,09:00,,,,,,,,,,
2026-05-25T23:11:48,Tamara Korpatsch vs Xinyu Wang,WTA Roland Garros,09:00,,,,,,,,,,
2026-05-25T23:14:47,Saint Etienne vs Nice,Ligue 1,18:45,2.29,Pinnacle,3.55,Pinnacle,3.12,Pinnacle,,,,
2026-05-25T23:14:47,LDU Quito vs Club Always Ready,Copa Libertadores,22:00,1.35,William Hill,5.37,Pinnacle,8.5,Unibet,,,,
2026-05-25T23:14:47,Lanus vs Mirassol,Copa Libertadores,22:00,1.96,Pinnacle,3.4,Unibet,4.9,Unibet,,,,
2026-05-25T23:14:47,Club Universitario de Deportes vs Deportes Tolima,Copa Libertadores,00:30,2.02,Pinnacle,3.27,Pinnacle,4.2,Unibet,,,,
2026-05-25T23:14:47,Nacional de Montevideo vs Coquimbo Unido,Copa Libertadores,00:30,1.85,Pinnacle,3.4,Unibet,4.9,Unibet,,,,
2026-05-25T23:14:47,Flamengo-RJ vs Cusco FC,Copa Libertadores,00:30,1.1,William Hill,11.18,Pinnacle,23.0,Unibet,,,,
2026-05-25T23:14:47,Estudiantes La Plata vs Independiente Medellín,Copa Libertadores,00:30,1.72,Pinnacle,3.65,Unibet,6.1,Unibet,,,,
2026-05-25T23:14:47,Independiente del Valle vs Rosario Central,Copa Libertadores,22:00,1.91,William Hill,3.5,Unibet,4.25,Unibet,,,,
2026-05-25T23:14:47,Libertad Asuncion vs UCV FC,Copa Libertadores,22:00,1.4,Pinnacle,5.0,Unibet,8.0,Unibet,,,,
2026-05-25T23:14:47,Club Bolívar vs Independiente Rivadavia,Copa Libertadores,00:30,2.45,William Hill,3.54,Pinnacle,2.75,Pinnacle,,,,
2026-05-25T23:14:47,Corinthians-SP vs Platense,Copa Libertadores,00:30,1.71,Unibet,3.45,Pinnacle,5.61,Pinnacle,,,,
2026-05-25T23:14:47,Fluminense-RJ vs Deportivo La Guaira,Copa Libertadores,00:30,1.13,Pinnacle,8.78,Pinnacle,23.0,Unibet,,,,
2026-05-25T23:14:47,Peñarol Montevideo vs Independiente Santa Fe,Copa Libertadores,00:30,1.88,Pinnacle,3.4,Unibet,4.75,Unibet,,,,
2026-05-25T23:14:47,Sao Paulo vs CA Boston River,Copa Sudamericana,22:00,1.18,William Hill,7.0,William Hill,18.0,Unibet,,,,
2026-05-25T23:14:47,Palestino vs Deportivo Riestra,Copa Sudamericana,22:00,2.33,Pinnacle,3.21,Pinnacle,3.35,Unibet,,,,
2026-05-25T23:14:47,Grêmio vs Montevideo City Torque,Copa Sudamericana,22:00,1.53,William Hill,4.16,Pinnacle,6.5,Unibet,1.91,William Hill,1.94,Pinnacle
2026-05-25T23:14:47,Millonarios vs O'Higgins,Copa Sudamericana,22:00,1.63,Pinnacle,3.83,Pinnacle,5.8,Unibet,2.0,Pinnacle,1.83,Pinnacle
2026-05-25T23:14:47,Santos vs C.D. Cuenca,Copa Sudamericana,00:30,1.35,Pinnacle,4.91,Pinnacle,9.0,Unibet,1.83,Pinnacle,2.0,Pinnacle
2026-05-25T23:14:47,San Lorenzo vs Recoleta FC,Copa Sudamericana,00:30,1.37,Pinnacle,4.51,Pinnacle,9.5,Unibet,,,,
2026-05-25T23:14:47,Olimpia Asunción vs Audax Italiano,Copa Sudamericana,22:00,1.66,Unibet,3.95,Pinnacle,5.17,Pinnacle,1.86,Unibet,1.99,Pinnacle
2026-05-25T23:14:47,Vasco da Gama vs Barracas Central,Copa Sudamericana,22:00,1.37,Unibet,4.96,Pinnacle,8.0,William Hill,,,,
2026-05-25T23:14:47,Caracas FC vs Botafogo,Copa Sudamericana,22:00,3.59,Pinnacle,3.1,William Hill,2.25,Unibet,,,,
2026-05-25T23:14:47,Club Cienciano vs CA Juventud,Copa Sudamericana,22:00,1.65,Unibet,3.95,Pinnacle,5.41,Pinnacle,,,,
2026-05-25T23:14:47,Racing Club vs Club Independiente Petrolero,Copa Sudamericana,22:00,1.08,William Hill,11.38,Pinnacle,30.0,Unibet,,,,
2026-05-25T23:14:47,Clube Atlético Mineiro vs Puerto Cabello,Copa Sudamericana,22:00,1.28,Unibet,5.4,Pinnacle,13.0,William Hill,1.88,Pinnacle,1.9,Pinnacle
2026-05-25T23:14:47,River Plate vs Blooming,Copa Sudamericana,00:30,1.08,Unibet,11.08,Pinnacle,46.0,William Hill,,,,
2026-05-25T23:14:47,Bragantino-SP vs Carabobo FC,Copa Sudamericana,00:30,1.32,Unibet,4.87,Pinnacle,11.08,Pinnacle,1.92,Pinnacle,1.87,Pinnacle
2026-05-25T23:14:47,Crystal Palace vs Rayo Vallecano,Conference League,19:00,1.95,Pinnacle,3.5,Pinnacle,4.2,Pinnacle,,,,
2026-05-25T23:14:47,Greuther Fürth vs Rot-Weiss Essen,2. Bundesliga,18:30,1.78,Pinnacle,4.35,Pinnacle,4.1,Unibet,,,,
2026-05-25T23:14:47,Örebro SK vs Helsingborgs IF,Superettan,17:00,2.27,Pinnacle,3.39,Pinnacle,3.15,Pinnacle,1.88,Pinnacle,1.94,Pinnacle
2026-05-25T23:14:47,Oklahoma City Thunder vs San Antonio Spurs,NBA,00:40,,,,,,,,,,
2026-05-25T23:14:47,Cleveland Guardians vs Washington Nationals,MLB,22:11,,,,,,,,,,
2026-05-25T23:14:47,Baltimore Orioles vs Tampa Bay Rays,MLB,22:36,,,,,,,,,,
2026-05-25T23:14:47,Pittsburgh Pirates vs Chicago Cubs,MLB,22:41,,,,,,,,,,
2026-05-25T23:14:47,Detroit Tigers vs Los Angeles Angels,MLB,22:41,,,,,,,,,,
2026-05-25T23:14:47,Boston Red Sox vs Atlanta Braves,MLB,22:46,,,,,,,,,,
2026-05-25T23:14:47,Chicago White Sox vs Minnesota Twins,MLB,23:41,,,,,,,,,,
2026-05-25T23:14:47,Kansas City Royals vs New York Yankees,MLB,23:41,,,,,,,,,,
2026-05-25T23:14:47,Milwaukee Brewers vs St. Louis Cardinals,MLB,23:41,,,,,,,,,,
2026-05-25T23:14:47,Texas Rangers vs Houston Astros,MLB,00:06,,,,,,,,,,
2026-05-25T23:14:47,Athletics vs Seattle Mariners,MLB,01:41,,,,,,,,,,
2026-05-25T23:14:47,San Diego Padres vs Philadelphia Phillies,MLB,01:41,,,,,,,,,,
2026-05-25T23:14:47,San Francisco Giants vs Arizona Diamondbacks,MLB,01:46,,,,,,,,,,
2026-05-25T23:14:47,Los Angeles Dodgers vs Colorado Rockies,MLB,02:11,,,,,,,,,,
2026-05-25T23:14:47,Vegas Golden Knights vs Colorado Avalanche,NHL,01:00,,,,,,,,,,
2026-05-25T23:14:47,Montréal Canadiens vs Carolina Hurricanes,NHL,00:00,,,,,,,,,,
2026-05-25T23:14:47,Adam Walton vs Daniil Medvedev,ATP Roland Garros,09:00,,,,,,,,,,
2026-05-25T23:14:47,Alejandro Tabilo vs Kamil Majchrzak,ATP Roland Garros,09:00,,,,,,,,,,
2026-05-25T23:14:47,Alexei Popyrin vs Zachary Svajda,ATP Roland Garros,09:00,,,,,,,,,,
2026-05-25T23:14:47,Marin Cilic vs Moise Kouame,ATP Roland Garros,09:00,,,,,,,,,,
2026-05-25T23:14:47,Tallon Griekspoor vs Matteo Arnaldi,ATP Roland Garros,09:00,,,,,,,,,,
2026-05-25T23:14:47,Facundo Diaz Acosta vs Zhizhen Zhang,ATP Roland Garros,11:00,,,,,,,,,,
2026-05-25T23:14:47,Martin Landaluce vs Juan Carlos Prado Angelo,ATP Roland Garros,11:00,,,,,,,,,,
2026-05-25T23:14:47,Thomas Faurel vs Valentin Vacherot,ATP Roland Garros,11:00,,,,,,,,,,
2026-05-25T23:14:47,Cameron Norrie vs Adolfo Daniel Vallejo,ATP Roland Garros,11:30,,,,,,,,,,
2026-05-25T23:14:47,Vit Kopriva vs Corentin Moutet,ATP Roland Garros,11:30,,,,,,,,,,
2026-05-25T23:14:47,Alexandre Muller vs Stefanos Tsitsipas,ATP Roland Garros,12:00,,,,,,,,,,
2026-05-25T23:14:47,Cristian Garin vs Learner Tien,ATP Roland Garros,13:00,,,,,,,,,,
2026-05-25T23:14:47,Sebastian Baez vs Roman Andres Burruchaga,ATP Roland Garros,13:00,,,,,,,,,,
2026-05-25T23:14:47,Alexander Bublik vs Jan-Lennard Struff,ATP Roland Garros,13:30,,,,,,,,,,
2026-05-25T23:14:47,Jacob Fearnley vs Juan Manuel Cerundolo,ATP Roland Garros,15:00,,,,,,,,,,
2026-05-25T23:14:47,Felix Auger-Aliassime vs Daniel Altmaier,ATP Roland Garros,15:30,,,,,,,,,,
2026-05-25T23:14:47,Jaime Faria vs Denis Shapovalov,ATP Roland Garros,15:30,,,,,,,,,,
2026-05-25T23:14:47,Ethan Quinn vs Francisco Comesana,ATP Roland Garros,15:30,,,,,,,,,,
2026-05-25T23:14:47,Sebastian Ofner vs Luciano Darderi,ATP Roland Garros,15:30,,,,,,,,,,
2026-05-25T23:14:47,Luca Van Assche vs Brandon Nakashima,ATP Roland Garros,07:00,,,,,,,,,,
2026-05-25T23:14:47,Alejandro Davidovich Fokina vs Thiago Agustin Tirante,ATP Roland Garros,09:00,,,,,,,,,,
2026-05-25T23:14:47,Nishesh Basavareddy vs Alex Michelsen,ATP Roland Garros,09:00,,,,,,,,,,
2026-05-25T23:14:47,Alex de Minaur vs Alexander Blockx,ATP Roland Garros,09:00,,,,,,,,,,
2026-05-25T23:14:47,Tomas Machac vs Alexander Zverev,ATP Roland Garros,09:00,,,,,,,,,,
2026-05-25T23:14:47,Arthur Rinderknech vs Matteo Berrettini,ATP Roland Garros,09:00,,,,,,,,,,
2026-05-25T23:14:47,Joao Fonseca vs Dino Prizmic,ATP Roland Garros,09:00,,,,,,,,,,
2026-05-25T23:14:47,Federico Cinà vs Jesper De Jong,ATP Roland Garros,09:00,,,,,,,,,,
2026-05-25T23:14:47,Mariano Navone vs Jakub Mensik,ATP Roland Garros,09:00,,,,,,,,,,
2026-05-25T23:14:47,James Duckworth vs Rafael Jodar,ATP Roland Garros,09:00,,,,,,,,,,
2026-05-25T23:14:47,Karen Khachanov vs Marco Trungelliti,ATP Roland Garros,09:00,,,,,,,,,,
2026-05-25T23:14:47,Nuno Borges vs Miomir Kecmanovic,ATP Roland Garros,09:00,,,,,,,,,,
2026-05-25T23:14:47,Valentin Royer vs Novak Djokovic,ATP Roland Garros,09:00,,,,,,,,,,
2026-05-25T23:14:47,Ugo Humbert vs Quentin Halys,ATP Roland Garros,09:00,,,,,,,,,,
2026-05-25T23:14:47,Iva Jović vs Alexandra Eala,WTA Roland Garros,09:00,,,,,,,,,,
2026-05-25T23:14:47,Donna Vekic vs Alice Tubello,WTA Roland Garros,09:00,,,,,,,,,,
2026-05-25T23:14:47,Emma Navarro vs Janice Tjen,WTA Roland Garros,09:00,,,,,,,,,,
2026-05-25T23:14:47,Claire Liu vs Moyuka Uchijima,WTA Roland Garros,09:05,,,,,,,,,,
2026-05-25T23:14:47,Aryna Sabalenka vs Jessica Bouzas Maneiro,WTA Roland Garros,10:00,,,,,,,,,,
2026-05-25T23:14:47,Ann Li vs Shuai Zhang,WTA Roland Garros,11:00,,,,,,,,,,
2026-05-25T23:14:47,Linda Fruhvirtova vs Elsa Jacquemot,WTA Roland Garros,11:00,,,,,,,,,,
2026-05-25T23:14:47,Linda Noskova vs Maria Sakkari,WTA Roland Garros,11:00,,,,,,,,,,
2026-05-25T23:14:47,Laura Siegemund vs Naomi Osaka,WTA Roland Garros,11:30,,,,,,,,,,
2026-05-25T23:14:47,Alina Korneeva vs Elisabetta Cocciaretto,WTA Roland Garros,13:00,,,,,,,,,,
2026-05-25T23:14:47,Antonia Ruzic vs Ashlyn Krueger,WTA Roland Garros,13:00,,,,,,,,,,
2026-05-25T23:14:47,Dalma Galfi vs Mayar Sherif,WTA Roland Garros,13:00,,,,,,,,,,
2026-05-25T23:14:47,Anhelina Kalinina vs Diane Parry,WTA Roland Garros,13:30,,,,,,,,,,
2026-05-25T23:14:47,Anna Kalinskaya vs Lois Boisson,WTA Roland Garros,13:30,,,,,,,,,,
2026-05-25T23:14:47,Hanne Vandewinkel vs Madison Keys,WTA Roland Garros,14:00,,,,,,,,,,
2026-05-25T23:14:47,Coco Gauff vs Taylor Townsend,WTA Roland Garros,14:30,,,,,,,,,,
2026-05-25T23:14:47,Elena Pridankina vs Oleksandra Oliynykova,WTA Roland Garros,15:00,,,,,,,,,,
2026-05-25T23:14:47,Kimberly Birrell vs Jessica Pegula,WTA Roland Garros,16:00,,,,,,,,,,
2026-05-25T23:14:47,Simona Waltert vs Katerina Siniakova,WTA Roland Garros,16:00,,,,,,,,,,
2026-05-25T23:14:47,Victoria Mboko vs Nikola Bartunkova,WTA Roland Garros,16:00,,,,,,,,,,
2026-05-25T23:14:47,Daria Kasatkina vs Susan Bandecchi,WTA Roland Garros,07:00,,,,,,,,,,
2026-05-25T23:14:47,Caty McNally vs Belinda Bencic,WTA Roland Garros,09:00,,,,,,,,,,
2026-05-25T23:14:47,Daria Snigur vs Peyton Stearns,WTA Roland Garros,09:00,,,,,,,,,,
2026-05-25T23:14:47,Yuliia Starodubtseva vs Elena Rybakina,WTA Roland Garros,09:00,,,,,,,,,,
2026-05-25T23:14:47,Francesca Jones vs Marie Bouzkova,WTA Roland Garros,09:00,,,,,,,,,,
2026-05-25T23:14:47,Hailey Baptiste vs Xiyu Wang,WTA Roland Garros,09:00,,,,,,,,,,
2026-05-25T23:14:47,Sara Bejlek vs Iga Swiatek,WTA Roland Garros,09:00,,,,,,,,,,
2026-05-25T23:14:47,Jasmine Paolini vs Solana Sierra,WTA Roland Garros,09:00,,,,,,,,,,
2026-05-25T23:14:47,Jil Teichmann vs Magdalena Frech,WTA Roland Garros,09:00,,,,,,,,,,
2026-05-25T23:14:47,Marta Kostyuk vs Katie Volynets,WTA Roland Garros,09:00,,,,,,,,,,
2026-05-25T23:14:47,Mirra Andreeva vs Marina Bassols Ribera,WTA Roland Garros,09:00,,,,,,,,,,
2026-05-25T23:14:47,Tamara Korpatsch vs Xinyu Wang,WTA Roland Garros,09:00,,,,,,,,,,
2026-05-26T09:13:12,Saint Etienne vs Nice,Ligue 1,18:45,2.44,Pinnacle,3.28,Pinnacle,3.14,Pinnacle,,,,
2026-05-26T09:13:12,LDU Quito vs Club Always Ready,Copa Libertadores,22:00,1.36,William Hill,5.1,Pinnacle,8.5,Unibet,,,,
2026-05-26T09:13:12,Lanus vs Mirassol,Copa Libertadores,22:00,1.85,William Hill,3.3,Unibet,5.45,Pinnacle,,,,
2026-05-26T09:13:12,Club Universitario de Deportes vs Deportes Tolima,Copa Libertadores,00:30,2.34,Pinnacle,3.11,Pinnacle,3.65,Unibet,,,,
2026-05-26T09:13:12,Nacional de Montevideo vs Coquimbo Unido,Copa Libertadores,00:30,1.77,Unibet,3.7,Pinnacle,5.46,Pinnacle,,,,
2026-05-26T09:13:12,Flamengo-RJ vs Cusco FC,Copa Libertadores,00:30,1.12,William Hill,10.0,Unibet,23.0,Unibet,,,,
2026-05-26T09:13:12,Estudiantes La Plata vs Independiente Medellín,Copa Libertadores,00:30,1.67,William Hill,3.7,Pinnacle,5.97,Pinnacle,,,,
2026-05-26T09:13:12,Independiente del Valle vs Rosario Central,Copa Libertadores,22:00,1.91,William Hill,3.5,Unibet,4.25,Unibet,,,,
2026-05-26T09:13:12,Libertad Asuncion vs UCV FC,Copa Libertadores,22:00,1.4,Pinnacle,5.0,Unibet,8.5,Unibet,,,,
2026-05-26T09:13:12,Club Bolívar vs Independiente Rivadavia,Copa Libertadores,00:30,2.45,William Hill,3.45,Unibet,2.75,Unibet,,,,
2026-05-26T09:13:12,Corinthians-SP vs Platense,Copa Libertadores,00:30,1.7,William Hill,3.45,Unibet,5.51,Pinnacle,,,,
2026-05-26T09:13:12,Fluminense-RJ vs Deportivo La Guaira,Copa Libertadores,00:30,1.14,William Hill,8.62,Pinnacle,21.0,Unibet,,,,
2026-05-26T09:13:12,Peñarol Montevideo vs Independiente Santa Fe,Copa Libertadores,00:30,1.94,Pinnacle,3.3,Unibet,4.6,Unibet,,,,
2026-05-26T09:13:12,Cerro Porteño vs Sporting Cristal,Copa Libertadores,22:00,1.65,William Hill,3.75,Unibet,5.62,Pinnacle,,,,
2026-05-26T09:13:12,Palmeiras-SP vs Junior FC,Copa Libertadores,22:00,1.25,William Hill,5.6,Unibet,12.0,Unibet,,,,
2026-05-26T09:13:12,Cruzeiro vs Barcelona SC,Copa Libertadores,00:30,1.25,William Hill,5.59,Pinnacle,12.5,Unibet,1.9,Pinnacle,1.93,Unibet
2026-05-26T09:13:12,Boca Juniors vs Universidad Católica (CHI),Copa Libertadores,00:30,1.42,Pinnacle,4.5,Unibet,9.0,Unibet,,,,
2026-05-26T09:13:12,Sao Paulo vs CA Boston River,Copa Sudamericana,22:00,1.25,William Hill,5.8,Unibet,13.0,Unibet,,,,
2026-05-26T09:13:12,Palestino vs Deportivo Riestra,Copa Sudamericana,22:00,2.34,Pinnacle,3.15,Pinnacle,3.35,Unibet,,,,
2026-05-26T09:13:12,Grêmio vs Montevideo City Torque,Copa Sudamericana,22:00,1.56,Pinnacle,4.1,Unibet,6.5,Unibet,2.02,Pinnacle,1.83,William Hill
2026-05-26T09:13:12,Millonarios vs O'Higgins,Copa Sudamericana,22:00,1.67,William Hill,3.9,Unibet,6.0,Unibet,2.01,Pinnacle,1.86,Unibet
2026-05-26T09:13:12,Santos vs C.D. Cuenca,Copa Sudamericana,00:30,1.38,Pinnacle,4.9,Unibet,9.0,Unibet,1.9,Pinnacle,1.98,Unibet
2026-05-26T09:13:12,San Lorenzo vs Recoleta FC,Copa Sudamericana,00:30,1.4,William Hill,4.5,Unibet,9.5,Unibet,,,,
2026-05-26T09:13:12,Olimpia Asunción vs Audax Italiano,Copa Sudamericana,22:00,1.63,Unibet,3.97,Pinnacle,5.21,Pinnacle,1.84,Unibet,2.0,Pinnacle
2026-05-26T09:13:12,Vasco da Gama vs Barracas Central,Copa Sudamericana,22:00,1.37,Unibet,4.92,Pinnacle,8.0,William Hill,,,,
2026-05-26T09:13:12,Caracas FC vs Botafogo,Copa Sudamericana,22:00,3.49,Pinnacle,3.1,William Hill,2.25,Unibet,,,,
2026-05-26T09:13:12,Club Cienciano vs CA Juventud,Copa Sudamericana,22:00,1.65,Unibet,3.95,Pinnacle,5.47,Pinnacle,,,,
2026-05-26T09:13:12,Racing Club vs Club Independiente Petrolero,Copa Sudamericana,22:00,1.08,William Hill,11.37,Pinnacle,30.0,Unibet,,,,
2026-05-26T09:13:12,Clube Atlético Mineiro vs Puerto Cabello,Copa Sudamericana,22:00,1.28,Unibet,5.4,Pinnacle,13.0,William Hill,1.89,Pinnacle,1.91,Pinnacle
2026-05-26T09:13:12,River Plate vs Blooming,Copa Sudamericana,00:30,1.08,William Hill,10.99,Pinnacle,41.0,William Hill,,,,
2026-05-26T09:13:12,Bragantino-SP vs Carabobo FC,Copa Sudamericana,00:30,1.32,Unibet,4.87,Pinnacle,11.08,Pinnacle,1.93,Pinnacle,1.88,Pinnacle
2026-05-26T09:13:12,CA Tigre BA vs Alianza Atlético,Copa Sudamericana,00:30,1.3,Unibet,5.17,Pinnacle,13.0,William Hill,1.86,Pinnacle,1.86,Unibet
2026-05-26T09:13:12,América de Cali vs Macará,Copa Sudamericana,00:30,1.67,William Hill,3.55,Pinnacle,5.75,Unibet,,,,
2026-05-26T09:13:12,Crystal Palace vs Rayo Vallecano,Conference League,19:00,1.95,Pinnacle,3.49,Pinnacle,4.22,Pinnacle,,,,
2026-05-26T09:13:12,Greuther Fürth vs Rot-Weiss Essen,2. Bundesliga,18:30,1.77,Pinnacle,4.31,Pinnacle,4.2,Pinnacle,,,,
2026-05-26T09:13:12,Örebro SK vs Helsingborgs IF,Superettan,17:00,2.36,Pinnacle,3.42,Pinnacle,3.01,Pinnacle,1.98,Pinnacle,1.85,Unibet
2026-05-26T09:13:12,Oklahoma City Thunder vs San Antonio Spurs,NBA,00:40,,,,,,,,,,
2026-05-26T09:13:12,Cleveland Guardians vs Washington Nationals,MLB,22:11,,,,,,,,,,
2026-05-26T09:13:12,Baltimore Orioles vs Tampa Bay Rays,MLB,22:36,,,,,,,,,,
2026-05-26T09:13:12,Pittsburgh Pirates vs Chicago Cubs,MLB,22:41,,,,,,,,,,
2026-05-26T09:13:12,Detroit Tigers vs Los Angeles Angels,MLB,22:41,,,,,,,,,,
2026-05-26T09:13:12,Boston Red Sox vs Atlanta Braves,MLB,22:46,,,,,,,,,,
2026-05-26T09:13:12,Toronto Blue Jays vs Miami Marlins,MLB,23:08,,,,,,,,,,
2026-05-26T09:13:12,New York Mets vs Cincinnati Reds,MLB,23:11,,,,,,,,,,
2026-05-26T09:13:12,Chicago White Sox vs Minnesota Twins,MLB,23:41,,,,,,,,,,
2026-05-26T09:13:12,Kansas City Royals vs New York Yankees,MLB,23:41,,,,,,,,,,
2026-05-26T09:13:12,Milwaukee Brewers vs St. Louis Cardinals,MLB,23:41,,,,,,,,,,
2026-05-26T09:13:12,Texas Rangers vs Houston Astros,MLB,00:06,,,,,,,,,,
2026-05-26T09:13:12,Athletics vs Seattle Mariners,MLB,01:41,,,,,,,,,,
2026-05-26T09:13:12,San Diego Padres vs Philadelphia Phillies,MLB,01:41,,,,,,,,,,
2026-05-26T09:13:12,San Francisco Giants vs Arizona Diamondbacks,MLB,01:46,,,,,,,,,,
2026-05-26T09:13:12,Los Angeles Dodgers vs Colorado Rockies,MLB,02:11,,,,,,,,,,
2026-05-26T09:13:12,Vegas Golden Knights vs Colorado Avalanche,NHL,01:20,,,,,,,,,,
2026-05-26T09:13:12,Montréal Canadiens vs Carolina Hurricanes,NHL,00:00,,,,,,,,,,
2026-05-26T09:13:12,Alexander Bublik vs Jan-Lennard Struff,ATP Roland Garros,14:30,,,,,,,,,,
2026-05-26T09:13:12,Jacob Fearnley vs Juan Manuel Cerundolo,ATP Roland Garros,15:00,,,,,,,,,,
2026-05-26T09:13:12,Felix Auger-Aliassime vs Daniel Altmaier,ATP Roland Garros,15:30,,,,,,,,,,
2026-05-26T09:13:12,Jaime Faria vs Denis Shapovalov,ATP Roland Garros,15:30,,,,,,,,,,
2026-05-26T09:13:12,Ethan Quinn vs Francisco Comesana,ATP Roland Garros,15:30,,,,,,,,,,
2026-05-26T09:13:12,Sebastian Ofner vs Luciano Darderi,ATP Roland Garros,15:30,,,,,,,,,,
2026-05-26T09:13:12,Luca Van Assche vs Brandon Nakashima,ATP Roland Garros,07:00,,,,,,,,,,
2026-05-26T09:13:12,Alejandro Davidovich Fokina vs Thiago Agustin Tirante,ATP Roland Garros,09:00,,,,,,,,,,
2026-05-26T09:13:12,Alex de Minaur vs Alexander Blockx,ATP Roland Garros,09:00,,,,,,,,,,
2026-05-26T09:13:12,Federico Cinà vs Jesper De Jong,ATP Roland Garros,09:00,,,,,,,,,,
2026-05-26T09:13:12,Karen Khachanov vs Marco Trungelliti,ATP Roland Garros,09:00,,,,,,,,,,
2026-05-26T09:13:12,Camilo Ugo Carabelli vs Andrey Rublev,ATP Roland Garros,10:10,,,,,,,,,,
2026-05-26T09:13:12,Mariano Navone vs Jakub Mensik,ATP Roland Garros,10:40,,,,,,,,,,
2026-05-26T09:13:12,James Duckworth vs Rafael Jodar,ATP Roland Garros,11:20,,,,,,,,,,
2026-05-26T09:13:12,Nuno Borges vs Miomir Kecmanovic,ATP Roland Garros,11:20,,,,,,,,,,
2026-05-26T09:13:12,Thanasi Kokkinakis vs Pablo Carreno Busta,ATP Roland Garros,11:20,,,,,,,,,,
2026-05-26T09:13:12,Joao Fonseca vs Dino Prizmic,ATP Roland Garros,11:50,,,,,,,,,,
2026-05-26T09:13:12,Ugo Humbert vs Quentin Halys,ATP Roland Garros,11:50,,,,,,,,,,
2026-05-26T09:13:12,Nishesh Basavareddy vs Alex Michelsen,ATP Roland Garros,13:00,,,,,,,,,,
2026-05-26T09:13:12,Casper Ruud vs Hamad Medjedovic,ATP Roland Garros,13:00,,,,,,,,,,
2026-05-26T09:13:12,Lorenzo Sonego vs Tommy Paul,ATP Roland Garros,13:00,,,,,,,,,,
2026-05-26T09:13:12,Valentin Royer vs Novak Djokovic,ATP Roland Garros,14:00,,,,,,,,,,
2026-05-26T09:13:12,Tomas Machac vs Alexander Zverev,ATP Roland Garros,18:15,,,,,,,,,,
2026-05-26T09:13:12,Arthur Rinderknech vs Matteo Berrettini,ATP Roland Garros,09:00,,,,,,,,,,
2026-05-26T09:13:12,Raphael Collignon vs Ben Shelton,ATP Roland Garros,09:00,,,,,,,,,,
2026-05-26T09:13:12,Flavio Cobolli vs Wu Yibing,ATP Roland Garros,09:00,,,,,,,,,,
2026-05-26T09:13:12,Hubert Hurkacz vs Frances Tiafoe,ATP Roland Garros,09:00,,,,,,,,,,
2026-05-26T09:13:12,Francisco Cerundolo vs Hugo Gaston,ATP Roland Garros,09:00,,,,,,,,,,
2026-05-26T09:13:12,Anhelina Kalinina vs Diane Parry,WTA Roland Garros,14:30,,,,,,,,,,
2026-05-26T09:13:12,Anna Kalinskaya vs Lois Boisson,WTA Roland Garros,14:30,,,,,,,,,,
2026-05-26T09:13:12,Coco Gauff vs Taylor Townsend,WTA Roland Garros,14:30,,,,,,,,,,
2026-05-26T09:13:12,Alina Korneeva vs Elisabetta Cocciaretto,WTA Roland Garros,15:00,,,,,,,,,,
2026-05-26T09:13:12,Elena Pridankina vs Oleksandra Oliynykova,WTA Roland Garros,15:00,,,,,,,,,,
2026-05-26T09:13:12,Hanne Vandewinkel vs Madison Keys,WTA Roland Garros,15:00,,,,,,,,,,
2026-05-26T09:13:12,Kimberly Birrell vs Jessica Pegula,WTA Roland Garros,16:00,,,,,,,,,,
2026-05-26T09:13:12,Simona Waltert vs Katerina Siniakova,WTA Roland Garros,16:00,,,,,,,,,,
2026-05-26T09:13:12,Victoria Mboko vs Nikola Bartunkova,WTA Roland Garros,16:00,,,,,,,,,,
2026-05-26T09:13:12,Daria Kasatkina vs Susan Bandecchi,WTA Roland Garros,07:00,,,,,,,,,,
2026-05-26T09:13:12,Caty McNally vs Belinda Bencic,WTA Roland Garros,09:00,,,,,,,,,,
2026-05-26T09:13:12,Diana Shnaider vs McCartney Kessler,WTA Roland Garros,09:00,,,,,,,,,,
2026-05-26T09:13:12,Sara Bejlek vs Iga Swiatek,WTA Roland Garros,09:00,,,,,,,,,,
2026-05-26T09:13:12,Tamara Korpatsch vs Xinyu Wang,WTA Roland Garros,09:00,,,,,,,,,,
2026-05-26T09:13:12,Viktorija Golubic vs Alycia Parks,WTA Roland Garros,10:10,,,,,,,,,,
2026-05-26T09:13:12,Jelena Ostapenko vs Magda Linette,WTA Roland Garros,10:10,,,,,,,,,,
2026-05-26T09:13:12,Elina Svitolina vs Kaitlin Quevedo,WTA Roland Garros,11:10,,,,,,,,,,
2026-05-26T09:13:12,Daria Snigur vs Peyton Stearns,WTA Roland Garros,11:30,,,,,,,,,,
2026-05-26T09:13:12,Yuliia Starodubtseva vs Elena Rybakina,WTA Roland Garros,11:30,,,,,,,,,,
2026-05-26T09:13:12,Marta Kostyuk vs Katie Volynets,WTA Roland Garros,11:30,,,,,,,,,,
2026-05-26T09:13:12,Jil Teichmann vs Magdalena Frech,WTA Roland Garros,13:00,,,,,,,,,,
2026-05-26T09:13:12,Eva Lys vs Sorana Cirstea,WTA Roland Garros,13:30,,,,,,,,,,
2026-05-26T09:13:12,Francesca Jones vs Marie Bouzkova,WTA Roland Garros,13:30,,,,,,,,,,
2026-05-26T09:13:12,Jasmine Paolini vs Solana Sierra,WTA Roland Garros,13:30,,,,,,,,,,
2026-05-26T09:13:12,Kamilla Rakhimova vs Karolina Muchova,WTA Roland Garros,13:30,,,,,,,,,,
2026-05-26T09:13:12,Hailey Baptiste vs Xiyu Wang,WTA Roland Garros,14:00,,,,,,,,,,
2026-05-26T09:13:12,Mirra Andreeva vs Marina Bassols Ribera,WTA Roland Garros,16:00,,,,,,,,,,
2026-05-26T09:13:12,Julia Grabher vs Amanda Anisimova,WTA Roland Garros,09:00,,,,,,,,,,
2026-05-26T09:13:12,Katie Boulter vs Anastasia Potapova,WTA Roland Garros,09:00,,,,,,,,,,
2026-05-26T09:13:12,Maja Chwalinska vs Elise Mertens,WTA Roland Garros,09:00,,,,,,,,,,
2026-05-26T09:13:12,Yulia Putintseva vs Maria Camila Osorio Serrano,WTA Roland Garros,09:00,,,,,,,,,,
2026-05-26T10:07:58,Saint Etienne vs Nice,Ligue 1,18:45,2.5,Pinnacle,3.29,Pinnacle,3.04,Pinnacle,,,,
2026-05-26T10:07:58,LDU Quito vs Club Always Ready,Copa Libertadores,22:00,1.36,William Hill,5.2,Pinnacle,8.5,Unibet,,,,
2026-05-26T10:07:58,Lanus vs Mirassol,Copa Libertadores,22:00,1.91,William Hill,3.3,Unibet,5.02,Pinnacle,,,,
2026-05-26T10:07:58,Club Universitario de Deportes vs Deportes Tolima,Copa Libertadores,00:30,2.43,Pinnacle,3.15,Pinnacle,3.45,Unibet,,,,
2026-05-26T10:07:58,Nacional de Montevideo vs Coquimbo Unido,Copa Libertadores,00:30,1.69,Pinnacle,3.71,Pinnacle,5.45,Pinnacle,,,,
2026-05-26T10:07:58,Flamengo-RJ vs Cusco FC,Copa Libertadores,00:30,1.12,William Hill,9.5,Unibet,21.0,Unibet,,,,
2026-05-26T10:07:58,Estudiantes La Plata vs Independiente Medellín,Copa Libertadores,00:30,1.68,Unibet,3.68,Pinnacle,5.97,Pinnacle,,,,
2026-05-26T10:07:58,Independiente del Valle vs Rosario Central,Copa Libertadores,22:00,1.91,William Hill,3.5,Unibet,4.25,Unibet,,,,
2026-05-26T10:07:58,Libertad Asuncion vs UCV FC,Copa Libertadores,22:00,1.4,Pinnacle,5.0,Unibet,8.5,Unibet,,,,
2026-05-26T10:07:58,Club Bolívar vs Independiente Rivadavia,Copa Libertadores,00:30,2.49,Pinnacle,3.45,Unibet,2.75,Unibet,,,,
2026-05-26T10:07:58,Corinthians-SP vs Platense,Copa Libertadores,00:30,1.7,William Hill,3.45,Unibet,5.51,Pinnacle,,,,
2026-05-26T10:07:58,Fluminense-RJ vs Deportivo La Guaira,Copa Libertadores,00:30,1.14,William Hill,8.62,Pinnacle,21.0,Unibet,,,,
2026-05-26T10:07:58,Peñarol Montevideo vs Independiente Santa Fe,Copa Libertadores,00:30,1.95,Pinnacle,3.3,Unibet,4.6,Unibet,,,,
2026-05-26T10:07:58,Cerro Porteño vs Sporting Cristal,Copa Libertadores,22:00,1.65,William Hill,3.75,Unibet,5.62,Pinnacle,,,,
2026-05-26T10:07:58,Palmeiras-SP vs Junior FC,Copa Libertadores,22:00,1.25,William Hill,5.6,Unibet,12.0,Unibet,,,,
2026-05-26T10:07:58,Cruzeiro vs Barcelona SC,Copa Libertadores,00:30,1.25,William Hill,5.59,Pinnacle,12.5,Unibet,1.9,Pinnacle,1.93,Unibet
2026-05-26T10:07:58,Boca Juniors vs Universidad Católica (CHI),Copa Libertadores,00:30,1.42,Pinnacle,4.5,Unibet,9.0,Unibet,,,,
2026-05-26T10:07:58,Sao Paulo vs CA Boston River,Copa Sudamericana,22:00,1.25,William Hill,5.8,William Hill,12.5,Unibet,,,,
2026-05-26T10:07:58,Palestino vs Deportivo Riestra,Copa Sudamericana,22:00,2.34,Pinnacle,3.15,Pinnacle,3.35,Unibet,,,,
2026-05-26T10:07:58,Grêmio vs Montevideo City Torque,Copa Sudamericana,22:00,1.57,William Hill,3.91,Pinnacle,6.25,Unibet,,,,
2026-05-26T10:07:58,Millonarios vs O'Higgins,Copa Sudamericana,22:00,1.67,William Hill,3.9,Unibet,6.0,Unibet,2.0,Pinnacle,1.86,Unibet
2026-05-26T10:07:58,Santos vs C.D. Cuenca,Copa Sudamericana,00:30,1.38,Pinnacle,4.9,Unibet,9.0,Unibet,1.92,Pinnacle,2.0,Unibet
2026-05-26T10:07:58,San Lorenzo vs Recoleta FC,Copa Sudamericana,00:30,1.4,William Hill,4.5,Unibet,9.5,Unibet,,,,
2026-05-26T10:07:58,Olimpia Asunción vs Audax Italiano,Copa Sudamericana,22:00,1.63,Unibet,3.97,Pinnacle,5.21,Pinnacle,1.84,Unibet,2.0,Pinnacle
2026-05-26T10:07:58,Vasco da Gama vs Barracas Central,Copa Sudamericana,22:00,1.37,Unibet,4.92,Pinnacle,8.0,William Hill,,,,
2026-05-26T10:07:58,Caracas FC vs Botafogo,Copa Sudamericana,22:00,3.49,Pinnacle,3.1,William Hill,2.25,Unibet,,,,
2026-05-26T10:07:58,Club Cienciano vs CA Juventud,Copa Sudamericana,22:00,1.65,Unibet,3.95,Pinnacle,5.47,Pinnacle,,,,
2026-05-26T10:07:58,Racing Club vs Club Independiente Petrolero,Copa Sudamericana,22:00,1.08,William Hill,11.37,Pinnacle,30.0,Unibet,,,,
2026-05-26T10:07:58,Clube Atlético Mineiro vs Puerto Cabello,Copa Sudamericana,22:00,1.28,Unibet,5.4,Pinnacle,13.0,William Hill,1.89,Pinnacle,1.91,Pinnacle
2026-05-26T10:07:58,River Plate vs Blooming,Copa Sudamericana,00:30,1.08,William Hill,10.99,Pinnacle,41.0,William Hill,,,,
2026-05-26T10:07:58,Bragantino-SP vs Carabobo FC,Copa Sudamericana,00:30,1.32,Unibet,4.87,Pinnacle,11.08,Pinnacle,1.93,Pinnacle,1.88,Pinnacle
2026-05-26T10:07:58,CA Tigre BA vs Alianza Atlético,Copa Sudamericana,00:30,1.3,Unibet,5.17,Pinnacle,13.0,William Hill,1.86,Pinnacle,1.86,Unibet
2026-05-26T10:07:58,América de Cali vs Macará,Copa Sudamericana,00:30,1.67,William Hill,3.55,Pinnacle,5.75,Unibet,,,,
2026-05-26T10:07:58,Crystal Palace vs Rayo Vallecano,Conference League,19:00,1.95,Pinnacle,3.49,Pinnacle,4.22,Pinnacle,,,,
2026-05-26T10:07:58,Greuther Fürth vs Rot-Weiss Essen,2. Bundesliga,18:30,1.76,Unibet,4.31,Pinnacle,4.28,Pinnacle,,,,
2026-05-26T10:07:58,Örebro SK vs Helsingborgs IF,Superettan,17:00,2.31,Pinnacle,3.54,Pinnacle,3.0,Pinnacle,1.86,Pinnacle,1.97,Pinnacle
2026-05-26T10:07:58,Oklahoma City Thunder vs San Antonio Spurs,NBA,00:40,,,,,,,,,,
2026-05-26T10:07:58,Cleveland Guardians vs Washington Nationals,MLB,22:11,,,,,,,,,,
2026-05-26T10:07:58,Baltimore Orioles vs Tampa Bay Rays,MLB,22:36,,,,,,,,,,
2026-05-26T10:07:58,Pittsburgh Pirates vs Chicago Cubs,MLB,22:41,,,,,,,,,,
2026-05-26T10:07:58,Detroit Tigers vs Los Angeles Angels,MLB,22:41,,,,,,,,,,
2026-05-26T10:07:58,Boston Red Sox vs Atlanta Braves,MLB,22:46,,,,,,,,,,
2026-05-26T10:07:58,Toronto Blue Jays vs Miami Marlins,MLB,23:08,,,,,,,,,,
2026-05-26T10:07:58,New York Mets vs Cincinnati Reds,MLB,23:11,,,,,,,,,,
2026-05-26T10:07:58,Chicago White Sox vs Minnesota Twins,MLB,23:41,,,,,,,,,,
2026-05-26T10:07:58,Kansas City Royals vs New York Yankees,MLB,23:41,,,,,,,,,,
2026-05-26T10:07:58,Milwaukee Brewers vs St. Louis Cardinals,MLB,23:41,,,,,,,,,,
2026-05-26T10:07:58,Texas Rangers vs Houston Astros,MLB,00:06,,,,,,,,,,
2026-05-26T10:07:58,Athletics vs Seattle Mariners,MLB,01:41,,,,,,,,,,
2026-05-26T10:07:58,San Diego Padres vs Philadelphia Phillies,MLB,01:41,,,,,,,,,,
2026-05-26T10:07:58,San Francisco Giants vs Arizona Diamondbacks,MLB,01:46,,,,,,,,,,
2026-05-26T10:07:58,Los Angeles Dodgers vs Colorado Rockies,MLB,02:11,,,,,,,,,,
2026-05-26T10:07:58,Vegas Golden Knights vs Colorado Avalanche,NHL,01:20,,,,,,,,,,
2026-05-26T10:07:58,Montréal Canadiens vs Carolina Hurricanes,NHL,00:00,,,,,,,,,,
2026-05-26T10:07:58,Felix Auger-Aliassime vs Daniel Altmaier,ATP Roland Garros,15:30,,,,,,,,,,
2026-05-26T10:07:58,Jaime Faria vs Denis Shapovalov,ATP Roland Garros,15:30,,,,,,,,,,
2026-05-26T10:07:58,Ethan Quinn vs Francisco Comesana,ATP Roland Garros,15:30,,,,,,,,,,
2026-05-26T10:07:58,Sebastian Ofner vs Luciano Darderi,ATP Roland Garros,15:30,,,,,,,,,,
2026-05-26T10:07:58,Jacob Fearnley vs Juan Manuel Cerundolo,ATP Roland Garros,16:00,,,,,,,,,,
2026-05-26T10:07:58,Luca Van Assche vs Brandon Nakashima,ATP Roland Garros,07:00,,,,,,,,,,
2026-05-26T10:07:58,Alejandro Davidovich Fokina vs Thiago Agustin Tirante,ATP Roland Garros,09:00,,,,,,,,,,
2026-05-26T10:07:58,Alex de Minaur vs Alexander Blockx,ATP Roland Garros,09:00,,,,,,,,,,
2026-05-26T10:07:58,Federico Cinà vs Jesper De Jong,ATP Roland Garros,09:00,,,,,,,,,,
2026-05-26T10:07:58,Karen Khachanov vs Marco Trungelliti,ATP Roland Garros,09:00,,,,,,,,,,
2026-05-26T10:07:58,Camilo Ugo Carabelli vs Andrey Rublev,ATP Roland Garros,10:10,,,,,,,,,,
2026-05-26T10:07:58,Mariano Navone vs Jakub Mensik,ATP Roland Garros,10:40,,,,,,,,,,
2026-05-26T10:07:58,James Duckworth vs Rafael Jodar,ATP Roland Garros,11:20,,,,,,,,,,
2026-05-26T10:07:58,Nuno Borges vs Miomir Kecmanovic,ATP Roland Garros,11:20,,,,,,,,,,
2026-05-26T10:07:58,Thanasi Kokkinakis vs Pablo Carreno Busta,ATP Roland Garros,11:20,,,,,,,,,,
2026-05-26T10:07:58,Joao Fonseca vs Dino Prizmic,ATP Roland Garros,11:50,,,,,,,,,,
2026-05-26T10:07:58,Ugo Humbert vs Quentin Halys,ATP Roland Garros,11:50,,,,,,,,,,
2026-05-26T10:07:58,Nishesh Basavareddy vs Alex Michelsen,ATP Roland Garros,13:00,,,,,,,,,,
2026-05-26T10:07:58,Lorenzo Sonego vs Tommy Paul,ATP Roland Garros,13:00,,,,,,,,,,
2026-05-26T10:07:58,Valentin Royer vs Novak Djokovic,ATP Roland Garros,14:00,,,,,,,,,,
2026-05-26T10:07:58,Tomas Machac vs Alexander Zverev,ATP Roland Garros,18:15,,,,,,,,,,
2026-05-26T10:07:58,Casper Ruud vs Hamad Medjedovic,ATP Roland Garros,19:08,,,,,,,,,,
2026-05-26T10:07:58,Arthur Rinderknech vs Matteo Berrettini,ATP Roland Garros,09:00,,,,,,,,,,
2026-05-26T10:07:58,Raphael Collignon vs Ben Shelton,ATP Roland Garros,09:00,,,,,,,,,,
2026-05-26T10:07:58,Flavio Cobolli vs Wu Yibing,ATP Roland Garros,09:00,,,,,,,,,,
2026-05-26T10:07:58,Hubert Hurkacz vs Frances Tiafoe,ATP Roland Garros,09:00,,,,,,,,,,
2026-05-26T10:07:58,Francisco Cerundolo vs Hugo Gaston,ATP Roland Garros,09:00,,,,,,,,,,
2026-05-26T10:07:58,Anhelina Kalinina vs Diane Parry,WTA Roland Garros,15:30,,,,,,,,,,
2026-05-26T10:07:58,Anna Kalinskaya vs Lois Boisson,WTA Roland Garros,15:30,,,,,,,,,,
2026-05-26T10:07:58,Kimberly Birrell vs Jessica Pegula,WTA Roland Garros,16:00,,,,,,,,,,
2026-05-26T10:07:58,Simona Waltert vs Katerina Siniakova,WTA Roland Garros,16:00,,,,,,,,,,
2026-05-26T10:07:58,Victoria Mboko vs Nikola Bartunkova,WTA Roland Garros,16:00,,,,,,,,,,
2026-05-26T10:07:58,Daria Kasatkina vs Susan Bandecchi,WTA Roland Garros,07:00,,,,,,,,,,
2026-05-26T10:07:58,Caty McNally vs Belinda Bencic,WTA Roland Garros,09:00,,,,,,,,,,
2026-05-26T10:07:58,Diana Shnaider vs McCartney Kessler,WTA Roland Garros,09:00,,,,,,,,,,
2026-05-26T10:07:58,Sara Bejlek vs Iga Swiatek,WTA Roland Garros,09:00,,,,,,,,,,
2026-05-26T10:07:58,Tamara Korpatsch vs Xinyu Wang,WTA Roland Garros,09:00,,,,,,,,,,
2026-05-26T10:07:58,Viktorija Golubic vs Alycia Parks,WTA Roland Garros,10:10,,,,,,,,,,
2026-05-26T10:07:58,Jelena Ostapenko vs Magda Linette,WTA Roland Garros,10:10,,,,,,,,,,
2026-05-26T10:07:58,Elina Svitolina vs Kaitlin Quevedo,WTA Roland Garros,11:10,,,,,,,,,,
2026-05-26T10:07:58,Daria Snigur vs Peyton Stearns,WTA Roland Garros,11:30,,,,,,,,,,
2026-05-26T10:07:58,Yuliia Starodubtseva vs Elena Rybakina,WTA Roland Garros,11:30,,,,,,,,,,
2026-05-26T10:07:58,Marta Kostyuk vs Katie Volynets,WTA Roland Garros,11:30,,,,,,,,,,
2026-05-26T10:07:58,Jil Teichmann vs Magdalena Frech,WTA Roland Garros,13:00,,,,,,,,,,
2026-05-26T10:07:58,Eva Lys vs Sorana Cirstea,WTA Roland Garros,13:30,,,,,,,,,,
2026-05-26T10:07:58,Francesca Jones vs Marie Bouzkova,WTA Roland Garros,13:30,,,,,,,,,,
2026-05-26T10:07:58,Jasmine Paolini vs Solana Sierra,WTA Roland Garros,13:30,,,,,,,,,,
2026-05-26T10:07:58,Kamilla Rakhimova vs Karolina Muchova,WTA Roland Garros,13:30,,,,,,,,,,
2026-05-26T10:07:58,Hailey Baptiste vs Xiyu Wang,WTA Roland Garros,14:00,,,,,,,,,,
2026-05-26T10:07:58,Mirra Andreeva vs Marina Bassols Ribera,WTA Roland Garros,16:00,,,,,,,,,,
2026-05-26T10:07:58,Julia Grabher vs Amanda Anisimova,WTA Roland Garros,09:00,,,,,,,,,,
2026-05-26T10:07:58,Katie Boulter vs Anastasia Potapova,WTA Roland Garros,09:00,,,,,,,,,,
2026-05-26T10:07:58,Maja Chwalinska vs Elise Mertens,WTA Roland Garros,09:00,,,,,,,,,,
2026-05-26T10:07:58,Yulia Putintseva vs Maria Camila Osorio Serrano,WTA Roland Garros,09:00,,,,,,,,,,
2026-05-26T15:42:27,Oklahoma City Thunder vs San Antonio Spurs,NBA,00:40,,,,,,,,,,
2026-05-26T15:42:27,Cleveland Guardians vs Washington Nationals,MLB,22:11,,,,,,,,,,
2026-05-26T15:42:27,Baltimore Orioles vs Tampa Bay Rays,MLB,22:36,,,,,,,,,,
2026-05-26T15:42:27,Pittsburgh Pirates vs Chicago Cubs,MLB,22:41,,,,,,,,,,
2026-05-26T15:42:27,Detroit Tigers vs Los Angeles Angels,MLB,22:41,,,,,,,,,,
2026-05-26T15:42:27,Boston Red Sox vs Atlanta Braves,MLB,22:46,,,,,,,,,,
2026-05-26T15:42:27,Toronto Blue Jays vs Miami Marlins,MLB,23:08,,,,,,,,,,
2026-05-26T15:42:27,New York Mets vs Cincinnati Reds,MLB,23:11,,,,,,,,,,
2026-05-26T15:42:27,Chicago White Sox vs Minnesota Twins,MLB,23:41,,,,,,,,,,
2026-05-26T15:42:27,Kansas City Royals vs New York Yankees,MLB,23:41,,,,,,,,,,
2026-05-26T15:42:27,Milwaukee Brewers vs St. Louis Cardinals,MLB,23:41,,,,,,,,,,
2026-05-26T15:42:27,Texas Rangers vs Houston Astros,MLB,00:06,,,,,,,,,,
2026-05-26T15:42:27,Athletics vs Seattle Mariners,MLB,01:41,,,,,,,,,,
2026-05-26T15:42:27,San Diego Padres vs Philadelphia Phillies,MLB,01:41,,,,,,,,,,
2026-05-26T15:42:27,San Francisco Giants vs Arizona Diamondbacks,MLB,01:46,,,,,,,,,,
2026-05-26T15:42:27,Los Angeles Dodgers vs Colorado Rockies,MLB,02:11,,,,,,,,,,
2026-05-26T15:42:27,Vegas Golden Knights vs Colorado Avalanche,NHL,01:20,,,,,,,,,,
2026-05-26T15:42:27,Montréal Canadiens vs Carolina Hurricanes,NHL,00:00,,,,,,,,,,
2026-05-26T15:42:27,Alejandro Davidovich Fokina vs Thiago Agustin Tirante,ATP Roland Garros,09:00,,,,,,,,,,
2026-05-26T15:42:27,Federico Cinà vs Jesper De Jong,ATP Roland Garros,09:00,,,,,,,,,,
2026-05-26T15:42:27,Karen Khachanov vs Marco Trungelliti,ATP Roland Garros,09:00,,,,,,,,,,
2026-05-26T15:42:27,Camilo Ugo Carabelli vs Andrey Rublev,ATP Roland Garros,10:10,,,,,,,,,,
2026-05-26T15:42:27,Mariano Navone vs Jakub Mensik,ATP Roland Garros,10:40,,,,,,,,,,
2026-05-26T15:42:27,James Duckworth vs Rafael Jodar,ATP Roland Garros,11:20,,,,,,,,,,
2026-05-26T15:42:27,Nuno Borges vs Miomir Kecmanovic,ATP Roland Garros,11:20,,,,,,,,,,
2026-05-26T15:42:27,Joao Fonseca vs Dino Prizmic,ATP Roland Garros,11:50,,,,,,,,,,
2026-05-26T15:42:27,Ugo Humbert vs Quentin Halys,ATP Roland Garros,11:50,,,,,,,,,,
2026-05-26T15:42:27,Nishesh Basavareddy vs Alex Michelsen,ATP Roland Garros,12:50,,,,,,,,,,
2026-05-26T15:42:27,Lorenzo Sonego vs Tommy Paul,ATP Roland Garros,13:00,,,,,,,,,,
2026-05-26T15:42:27,Thanasi Kokkinakis vs Pablo Carreno Busta,ATP Roland Garros,13:00,,,,,,,,,,
2026-05-26T15:42:27,Valentin Royer vs Novak Djokovic,ATP Roland Garros,14:00,,,,,,,,,,
2026-05-26T15:42:27,Casper Ruud vs Hamad Medjedovic,ATP Roland Garros,15:00,,,,,,,,,,
2026-05-26T15:42:27,Tomas Machac vs Alexander Zverev,ATP Roland Garros,18:15,,,,,,,,,,
2026-05-26T15:42:27,Alejandro Tabilo vs Valentin Vacherot,ATP Roland Garros,07:00,,,,,,,,,,
2026-05-26T15:42:27,Luca Van Assche vs Brandon Nakashima,ATP Roland Garros,07:00,,,,,,,,,,
2026-05-26T15:42:27,Zachary Svajda vs Adam Walton,ATP Roland Garros,09:00,,,,,,,,,,
2026-05-26T15:42:27,Adolfo Daniel Vallejo vs Moise Kouame,ATP Roland Garros,09:00,,,,,,,,,,
2026-05-26T15:42:27,Arthur Rinderknech vs Matteo Berrettini,ATP Roland Garros,09:00,,,,,,,,,,
2026-05-26T15:42:27,Raphael Collignon vs Ben Shelton,ATP Roland Garros,09:00,,,,,,,,,,
2026-05-26T15:42:27,Facundo Diaz Acosta vs Learner Tien,ATP Roland Garros,09:00,,,,,,,,,,
2026-05-26T15:42:27,Flavio Cobolli vs Wu Yibing,ATP Roland Garros,09:00,,,,,,,,,,
2026-05-26T15:42:27,Hubert Hurkacz vs Frances Tiafoe,ATP Roland Garros,09:00,,,,,,,,,,
2026-05-26T15:42:27,Francisco Cerundolo vs Hugo Gaston,ATP Roland Garros,09:00,,,,,,,,,,
2026-05-26T15:42:27,Matteo Arnaldi vs Stefanos Tsitsipas,ATP Roland Garros,09:00,,,,,,,,,,
2026-05-26T15:42:27,Caty McNally vs Belinda Bencic,WTA Roland Garros,09:00,,,,,,,,,,
2026-05-26T15:42:27,Sara Bejlek vs Iga Swiatek,WTA Roland Garros,09:00,,,,,,,,,,
2026-05-26T15:42:27,Tamara Korpatsch vs Xinyu Wang,WTA Roland Garros,09:00,,,,,,,,,,
2026-05-26T15:42:27,Viktorija Golubic vs Alycia Parks,WTA Roland Garros,10:10,,,,,,,,,,
2026-05-26T15:42:27,Jelena Ostapenko vs Magda Linette,WTA Roland Garros,10:10,,,,,,,,,,
2026-05-26T15:42:27,Elina Svitolina vs Kaitlin Quevedo,WTA Roland Garros,11:10,,,,,,,,,,
2026-05-26T15:42:27,Daria Snigur vs Peyton Stearns,WTA Roland Garros,11:30,,,,,,,,,,
2026-05-26T15:42:27,Yuliia Starodubtseva vs Elena Rybakina,WTA Roland Garros,11:30,,,,,,,,,,
2026-05-26T15:42:27,Marta Kostyuk vs Katie Volynets,WTA Roland Garros,11:30,,,,,,,,,,
2026-05-26T15:42:27,Jil Teichmann vs Magdalena Frech,WTA Roland Garros,13:00,,,,,,,,,,
2026-05-26T15:42:27,Eva Lys vs Sorana Cirstea,WTA Roland Garros,13:30,,,,,,,,,,
2026-05-26T15:42:27,Francesca Jones vs Marie Bouzkova,WTA Roland Garros,13:30,,,,,,,,,,
2026-05-26T15:42:27,Jasmine Paolini vs Solana Sierra,WTA Roland Garros,13:30,,,,,,,,,,
2026-05-26T15:42:27,Kamilla Rakhimova vs Karolina Muchova,WTA Roland Garros,13:30,,,,,,,,,,
2026-05-26T15:42:27,Hailey Baptiste vs Xiyu Wang,WTA Roland Garros,14:00,,,,,,,,,,
2026-05-26T15:42:27,Mirra Andreeva vs Marina Bassols Ribera,WTA Roland Garros,16:00,,,,,,,,,,
2026-05-26T15:42:27,Daria Kasatkina vs Susan Bandecchi,WTA Roland Garros,07:00,,,,,,,,,,
2026-05-26T15:42:27,Julia Grabher vs Amanda Anisimova,WTA Roland Garros,09:00,,,,,,,,,,
2026-05-26T15:42:27,Katie Boulter vs Anastasia Potapova,WTA Roland Garros,09:00,,,,,,,,,,
2026-05-26T15:42:27,Maria Sakkari vs Claire Liu,WTA Roland Garros,09:00,,,,,,,,,,
2026-05-26T15:42:27,Coco Gauff vs Mayar Sherif,WTA Roland Garros,09:00,,,,,,,,,,
2026-05-26T15:42:27,Diana Shnaider vs McCartney Kessler,WTA Roland Garros,09:00,,,,,,,,,,
2026-05-26T15:42:27,Donna Vekic vs Naomi Osaka,WTA Roland Garros,09:00,,,,,,,,,,
2026-05-26T15:42:27,Maja Chwalinska vs Elise Mertens,WTA Roland Garros,09:00,,,,,,,,,,
2026-05-26T15:42:27,Iva Jović vs Emma Navarro,WTA Roland Garros,09:00,,,,,,,,,,
2026-05-26T15:42:27,Yulia Putintseva vs Maria Camila Osorio Serrano,WTA Roland Garros,09:00,,,,,,,,,,
2026-05-26T16:31:27,Oklahoma City Thunder vs San Antonio Spurs,NBA,00:40,,,,,,,,,,
2026-05-26T16:31:27,Cleveland Guardians vs Washington Nationals,MLB,22:11,,,,,,,,,,
2026-05-26T16:31:27,Baltimore Orioles vs Tampa Bay Rays,MLB,22:36,,,,,,,,,,
2026-05-26T16:31:27,Pittsburgh Pirates vs Chicago Cubs,MLB,22:41,,,,,,,,,,
2026-05-26T16:31:27,Detroit Tigers vs Los Angeles Angels,MLB,22:41,,,,,,,,,,
2026-05-26T16:31:27,Boston Red Sox vs Atlanta Braves,MLB,22:46,,,,,,,,,,
2026-05-26T16:31:27,Toronto Blue Jays vs Miami Marlins,MLB,23:08,,,,,,,,,,
2026-05-26T16:31:27,New York Mets vs Cincinnati Reds,MLB,23:11,,,,,,,,,,
2026-05-26T16:31:27,Chicago White Sox vs Minnesota Twins,MLB,23:41,,,,,,,,,,
2026-05-26T16:31:27,Kansas City Royals vs New York Yankees,MLB,23:41,,,,,,,,,,
2026-05-26T16:31:27,Milwaukee Brewers vs St. Louis Cardinals,MLB,23:41,,,,,,,,,,
2026-05-26T16:31:27,Texas Rangers vs Houston Astros,MLB,00:06,,,,,,,,,,
2026-05-26T16:31:27,Athletics vs Seattle Mariners,MLB,01:41,,,,,,,,,,
2026-05-26T16:31:27,San Diego Padres vs Philadelphia Phillies,MLB,01:41,,,,,,,,,,
2026-05-26T16:31:27,San Francisco Giants vs Arizona Diamondbacks,MLB,01:46,,,,,,,,,,
2026-05-26T16:31:27,Los Angeles Dodgers vs Colorado Rockies,MLB,02:11,,,,,,,,,,
2026-05-26T16:31:27,Vegas Golden Knights vs Colorado Avalanche,NHL,01:20,,,,,,,,,,
2026-05-26T16:31:27,Montréal Canadiens vs Carolina Hurricanes,NHL,00:00,,,,,,,,,,
2026-05-26T16:31:27,Alejandro Davidovich Fokina vs Thiago Agustin Tirante,ATP Roland Garros,09:00,,,,,,,,,,
2026-05-26T16:31:27,Federico Cinà vs Jesper De Jong,ATP Roland Garros,09:00,,,,,,,,,,
2026-05-26T16:31:27,Karen Khachanov vs Marco Trungelliti,ATP Roland Garros,09:00,,,,,,,,,,
2026-05-26T16:31:27,Camilo Ugo Carabelli vs Andrey Rublev,ATP Roland Garros,10:10,,,,,,,,,,
2026-05-26T16:31:27,Mariano Navone vs Jakub Mensik,ATP Roland Garros,10:40,,,,,,,,,,
2026-05-26T16:31:27,James Duckworth vs Rafael Jodar,ATP Roland Garros,11:20,,,,,,,,,,
2026-05-26T16:31:27,Nuno Borges vs Miomir Kecmanovic,ATP Roland Garros,11:20,,,,,,,,,,
2026-05-26T16:31:27,Joao Fonseca vs Dino Prizmic,ATP Roland Garros,11:50,,,,,,,,,,
2026-05-26T16:31:27,Ugo Humbert vs Quentin Halys,ATP Roland Garros,11:50,,,,,,,,,,
2026-05-26T16:31:27,Nishesh Basavareddy vs Alex Michelsen,ATP Roland Garros,12:50,,,,,,,,,,
2026-05-26T16:31:27,Lorenzo Sonego vs Tommy Paul,ATP Roland Garros,13:00,,,,,,,,,,
2026-05-26T16:31:27,Thanasi Kokkinakis vs Pablo Carreno Busta,ATP Roland Garros,13:00,,,,,,,,,,
2026-05-26T16:31:27,Valentin Royer vs Novak Djokovic,ATP Roland Garros,14:00,,,,,,,,,,
2026-05-26T16:31:27,Casper Ruud vs Hamad Medjedovic,ATP Roland Garros,15:00,,,,,,,,,,
2026-05-26T16:31:27,Tomas Machac vs Alexander Zverev,ATP Roland Garros,18:15,,,,,,,,,,
2026-05-26T16:31:27,Alejandro Tabilo vs Valentin Vacherot,ATP Roland Garros,07:00,,,,,,,,,,
2026-05-26T16:31:27,Luca Van Assche vs Brandon Nakashima,ATP Roland Garros,07:00,,,,,,,,,,
2026-05-26T16:31:27,Zachary Svajda vs Adam Walton,ATP Roland Garros,09:00,,,,,,,,,,
2026-05-26T16:31:27,Adolfo Daniel Vallejo vs Moise Kouame,ATP Roland Garros,09:00,,,,,,,,,,
2026-05-26T16:31:27,Arthur Rinderknech vs Matteo Berrettini,ATP Roland Garros,09:00,,,,,,,,,,
2026-05-26T16:31:27,Raphael Collignon vs Ben Shelton,ATP Roland Garros,09:00,,,,,,,,,,
2026-05-26T16:31:27,Facundo Diaz Acosta vs Learner Tien,ATP Roland Garros,09:00,,,,,,,,,,
2026-05-26T16:31:27,Flavio Cobolli vs Wu Yibing,ATP Roland Garros,09:00,,,,,,,,,,
2026-05-26T16:31:27,Hubert Hurkacz vs Frances Tiafoe,ATP Roland Garros,09:00,,,,,,,,,,
2026-05-26T16:31:27,Francisco Cerundolo vs Hugo Gaston,ATP Roland Garros,09:00,,,,,,,,,,
2026-05-26T16:31:27,Matteo Arnaldi vs Stefanos Tsitsipas,ATP Roland Garros,09:00,,,,,,,,,,
2026-05-26T16:31:27,Caty McNally vs Belinda Bencic,WTA Roland Garros,09:00,,,,,,,,,,
2026-05-26T16:31:27,Sara Bejlek vs Iga Swiatek,WTA Roland Garros,09:00,,,,,,,,,,
2026-05-26T16:31:27,Tamara Korpatsch vs Xinyu Wang,WTA Roland Garros,09:00,,,,,,,,,,
2026-05-26T16:31:27,Viktorija Golubic vs Alycia Parks,WTA Roland Garros,10:10,,,,,,,,,,
2026-05-26T16:31:27,Jelena Ostapenko vs Magda Linette,WTA Roland Garros,10:10,,,,,,,,,,
2026-05-26T16:31:27,Elina Svitolina vs Kaitlin Quevedo,WTA Roland Garros,11:10,,,,,,,,,,
2026-05-26T16:31:27,Daria Snigur vs Peyton Stearns,WTA Roland Garros,11:30,,,,,,,,,,
2026-05-26T16:31:27,Yuliia Starodubtseva vs Elena Rybakina,WTA Roland Garros,11:30,,,,,,,,,,
2026-05-26T16:31:27,Marta Kostyuk vs Katie Volynets,WTA Roland Garros,11:30,,,,,,,,,,
2026-05-26T16:31:27,Jil Teichmann vs Magdalena Frech,WTA Roland Garros,13:00,,,,,,,,,,
2026-05-26T16:31:27,Eva Lys vs Sorana Cirstea,WTA Roland Garros,13:30,,,,,,,,,,
2026-05-26T16:31:27,Francesca Jones vs Marie Bouzkova,WTA Roland Garros,13:30,,,,,,,,,,
2026-05-26T16:31:27,Jasmine Paolini vs Solana Sierra,WTA Roland Garros,13:30,,,,,,,,,,
2026-05-26T16:31:27,Kamilla Rakhimova vs Karolina Muchova,WTA Roland Garros,13:30,,,,,,,,,,
2026-05-26T16:31:27,Hailey Baptiste vs Xiyu Wang,WTA Roland Garros,14:00,,,,,,,,,,
2026-05-26T16:31:27,Mirra Andreeva vs Marina Bassols Ribera,WTA Roland Garros,16:00,,,,,,,,,,
2026-05-26T16:31:27,Daria Kasatkina vs Susan Bandecchi,WTA Roland Garros,07:00,,,,,,,,,,
2026-05-26T16:31:27,Julia Grabher vs Amanda Anisimova,WTA Roland Garros,09:00,,,,,,,,,,
2026-05-26T16:31:27,Katie Boulter vs Anastasia Potapova,WTA Roland Garros,09:00,,,,,,,,,,
2026-05-26T16:31:27,Maria Sakkari vs Claire Liu,WTA Roland Garros,09:00,,,,,,,,,,
2026-05-26T16:31:27,Coco Gauff vs Mayar Sherif,WTA Roland Garros,09:00,,,,,,,,,,
2026-05-26T16:31:27,Diana Shnaider vs McCartney Kessler,WTA Roland Garros,09:00,,,,,,,,,,
2026-05-26T16:31:27,Donna Vekic vs Naomi Osaka,WTA Roland Garros,09:00,,,,,,,,,,
2026-05-26T16:31:27,Maja Chwalinska vs Elise Mertens,WTA Roland Garros,09:00,,,,,,,,,,
2026-05-26T16:31:27,Iva Jović vs Emma Navarro,WTA Roland Garros,09:00,,,,,,,,,,
2026-05-26T16:31:27,Yulia Putintseva vs Maria Camila Osorio Serrano,WTA Roland Garros,09:00,,,,,,,,,,
